-104.731,-44.6362,-46.9427,40.7823,26.2537,17.7906,9.52797,-2.00205,-25.3367
-104.762,-44.7338,-46.9063,40.7823,26.207,17.7906,9.38148,-2.07529,-25.0438
-104.778,-44.7826,-46.8881,40.7823,26.1836,17.7906,9.16174,-2.07529,-24.531
-104.827,-44.8148,-46.8307,40.7823,26.1602,17.814,9.0885,-2.14854,-23.7986
-104.877,-44.8148,-46.8739,40.8059,26.1602,17.814,8.94201,-2.07529,-23.2126
-104.911,-44.7982,-46.8347,40.8059,26.1602,17.8373,8.86876,-2.14854,-22.5534
-104.945,-44.7494,-46.896,40.8294,26.1836,17.8373,8.86876,-2.14854,-22.0407
-104.995,-44.7494,-46.9392,40.853,26.1836,17.8373,8.72227,-2.07529,-21.6012
-105.095,-44.7494,-47.0256,40.9001,26.1836,17.8373,8.72227,-2.07529,-21.1618
-105.244,-44.7494,-47.1553,40.9708,26.1836,17.8373,8.72227,-2.00205,-20.7955
-105.347,-44.6029,-47.3396,41.0415,26.2537,17.8373,8.86876,-2.07529,-20.5026
-105.432,-44.4078,-47.5423,41.1121,26.3472,17.8373,8.86876,-2.07529,-20.2828
-105.452,-44.1641,-47.7201,41.1593,26.4641,17.8373,9.16174,-2.00205,-20.0631
-105.373,-43.7748,-47.91,41.1828,26.6512,17.8373,9.38148,-2.00205,-19.9166
-105.277,-43.4832,-48.0205,41.1828,26.7914,17.8373,9.52797,-2.00205,-19.7701
-105.131,-43.0465,-48.1872,41.1828,27.0018,17.8373,9.7477,-2.00205,-19.6969
-105.086,-42.5605,-48.2384,41.1828,27.2122,17.9074,9.89419,-1.9288,-19.5504
-105.026,-41.8003,-48.3075,41.1828,27.5395,18.0241,10.1139,-2.00205,-19.4039
-104.979,-41.0896,-48.3605,41.1828,27.8434,18.1408,10.3337,-2.00205,-19.2574
-104.982,-40.2982,-48.3578,41.1828,28.1707,18.3043,10.4069,-2.00205,-19.1841
-104.915,-39.4599,-48.3346,41.1593,28.5214,18.4677,10.6999,-2.29503,-19.0376
-104.812,-38.558,-48.2529,41.1121,28.8955,18.6545,10.7731,-2.44152,-18.9644
-104.789,-37.6399,-48.1798,41.0886,29.2695,18.8646,10.9929,-2.7345,-18.8912
-104.796,-36.7051,-48.0721,41.065,29.6436,19.0981,11.1394,-2.95423,-18.8912
-104.765,-35.706,-47.9074,41.0179,30.041,19.3549,11.2859,-3.17397,-18.8179
-104.761,-34.5772,-47.7119,40.9708,30.4852,19.6584,11.4323,-3.61344,-18.7447
-104.806,-33.589,-47.4592,40.9237,30.8592,19.9619,11.5788,-4.05291,-18.5982
-104.829,-32.5537,-47.2323,40.8765,31.2567,20.2654,11.5788,-4.34589,-18.5249
-104.728,-31.4719,-46.9459,40.7823,31.6775,20.5689,11.7253,-4.71212,-18.4517
-104.557,-30.4559,-46.6387,40.6645,32.0749,20.8491,11.8718,-5.0051,-18.3784
-104.271,-29.2175,-46.2627,40.4996,32.5658,21.176,11.8718,-5.37132,-18.3052
-103.977,-27.9804,-45.895,40.3347,33.0568,21.5028,11.8718,-5.73755,-18.1587
-103.638,-26.679,-45.4771,40.1462,33.5711,21.853,12.0183,-6.10378,-18.0122
-103.303,-25.3133,-45.0533,39.9577,34.1088,22.2266,11.9451,-6.47,-18.0122
-102.888,-23.9042,-44.621,39.7457,34.6699,22.6002,11.9451,-6.90947,-17.7925
-102.342,-22.4759,-44.0349,39.4629,35.231,22.9971,11.9451,-7.42219,-17.646
-101.765,-21.0275,-43.3807,39.1567,35.792,23.4173,11.8718,-7.86166,-17.4263
-101.133,-19.6897,-42.6864,38.8268,36.3063,23.8142,11.7986,-8.37438,-17.06
-100.386,-18.1771,-41.9204,38.4499,36.8908,24.2578,11.6521,-8.88709,-16.767
-99.7074,-16.6428,-41.1723,38.0965,37.4753,24.7248,11.5056,-9.47305,-16.3276
-98.8659,-15.043,-40.305,37.6724,38.0831,25.215,11.2859,-10.059,-15.8881
-97.9103,-13.3776,-39.3634,37.2012,38.7143,25.7287,11.1394,-10.645,-15.3021
-96.8542,-11.5143,-38.3289,36.6829,39.4156,26.3124,10.7731,-11.3042,-14.8627
-95.8839,-10.0655,-37.3972,36.2117,39.9533,26.7793,10.5534,-11.9634,-14.35
-94.6017,-8.3513,-36.2074,35.5991,40.5846,27.3396,10.1139,-12.6958,-13.8372
-93.3896,-7.00904,-35.1425,35.0337,41.0755,27.7832,9.7477,-13.355,-13.178
-91.9114,-5.69182,-33.9859,34.374,41.5664,28.2035,9.38148,-14.0875,-12.4456
-90.4534,-4.45561,-32.7941,33.7143,42.0106,28.6237,8.86876,-14.6735,-11.6399
-88.7196,-3.19207,-31.4034,32.9368,42.4548,29.0673,8.20956,-15.2594,-10.7609
-87.2784,-2.19343,-30.2929,32.3007,42.8055,29.4176,7.69684,-15.6256,-9.95525
-85.5392,-1.12716,-29.0182,31.5468,43.1795,29.7911,7.11088,-16.2116,-9.00306
-83.4888,-0.059869,-27.5994,30.6751,43.5536,30.1647,6.37843,-16.8708,-7.97763
-81.4121,0.701994,-26.2157,29.8033,43.8108,30.4448,5.49948,-17.3835,-6.95219
-79.5339,1.26419,-25.0197,29.0259,43.9978,30.655,4.69379,-17.823,-6.00001
-77.4507,1.69316,-23.7701,28.1777,44.138,30.8184,3.81485,-18.116,-5.04782
-75.2235,2.05558,-22.4975,27.2824,44.2549,30.9585,3.00915,-18.6287,-3.80265
-72.8067,2.31243,-21.1435,26.3165,44.3251,31.0752,1.98372,-18.7752,-2.63073
-70.627,2.44638,-20.0666,25.4683,44.3718,31.1219,1.03153,-18.9217,-1.6053
-68.505,2.47447,-19.0232,24.6437,44.3718,31.1453,0.152587,-19.1414,-0.579865
-66.1634,2.47447,-17.9711,23.7484,44.3718,31.1453,-0.94609,-19.2147,0.518813
-63.8205,2.43557,-16.9206,22.8532,44.3485,31.1453,-2.04477,-19.2879,1.61749
-61.5862,2.39665,-15.9572,22.005,44.3251,31.1453,-2.99696,-19.3612,2.71617
-59.2386,2.27981,-14.9072,21.1097,44.2549,31.1453,-3.8759,-19.4344,4.03458
-56.9972,2.09571,-13.9484,20.2616,44.1614,31.1219,-4.82808,-19.3612,5.06001
-54.8322,1.90035,-12.9655,19.437,44.0445,31.1219,-5.56054,-19.4344,6.08545
-52.3006,1.58698,-11.7767,18.471,43.8575,31.1219,-6.73246,-19.3612,7.33061
-50.0683,1.27262,-10.7327,17.6229,43.6705,31.1219,-7.6114,-19.3612,8.50254
-47.8789,0.889716,-9.74994,16.7983,43.4601,31.0986,-8.63683,-19.1414,9.52797
-45.8988,0.386634,-8.7479,16.0443,43.1795,31.0752,-9.66227,-19.0682,10.4069
-43.8069,-0.278172,-7.59398,15.2433,42.8055,31.0519,-10.6877,-18.9217,11.3591
-41.8786,-0.97482,-6.56813,14.5129,42.4314,31.0052,-11.4934,-18.7019,12.3113
-40.131,-1.67523,-5.6189,13.8533,42.0574,30.9585,-12.2258,-18.409,13.1902
-38.0898,-2.585,-4.66042,13.0993,41.6132,30.8417,-13.1048,-18.0427,14.1424
-36.2919,-3.45866,-3.82816,12.4397,41.1924,30.725,-13.8372,-17.6765,15.0214
-34.4764,-4.40546,-3.03223,11.78,40.7482,30.5849,-14.4964,-17.3835,15.9003
-32.6371,-5.38433,-2.30868,11.1203,40.304,30.4215,-15.2289,-16.9441,16.7792
-30.5955,-6.56199,-1.48342,10.3899,39.7663,30.2347,-15.9613,-16.4313,17.7314
-28.8694,-7.66168,-0.819782,9.77738,39.2754,30.0479,-16.4741,-16.0651,18.6104
-27.1908,-8.86283,-0.252792,9.18838,38.7611,29.8145,-17.06,-15.4792,19.1963
-25.5082,-10.2934,0.327596,8.59939,38.1532,29.5343,-17.646,-15.1129,19.9288
-24.1438,-11.5581,0.697123,8.12819,37.6389,29.2541,-18.0855,-14.6002,20.588
-22.7108,-12.983,1.10542,7.63343,37.0545,28.9506,-18.5982,-14.0143,21.174
-21.4087,-14.4828,1.45599,7.18579,36.4466,28.6237,-19.1109,-13.5015,21.7599
-19.9535,-16.0834,1.73554,6.69103,35.8154,28.2502,-19.5504,-12.9156,22.3459
-18.7718,-17.5741,1.94162,6.29051,35.231,27.9,-19.9166,-12.2564,22.7853
-17.3776,-19.3676,2.15727,5.81931,34.5296,27.4797,-20.3561,-11.4507,23.2981
-16.1263,-20.8864,2.40047,5.39523,33.9218,27.1529,-20.7223,-10.7915,23.6643
-15.0108,-22.2943,2.59654,5.01827,33.3607,26.8494,-21.0885,-10.1323,23.9573
-13.8276,-23.9131,2.84759,4.61775,32.7061,26.5225,-21.3815,-9.47305,24.3235
-12.7822,-25.3512,3.07421,4.26435,32.1217,26.2423,-21.6745,-8.88709,24.6165
-11.5276,-26.933,3.38076,3.84027,31.4671,25.9622,-21.821,-8.22789,24.9827
-10.1296,-28.4974,3.71917,3.36907,30.8125,25.7053,-22.0407,-7.64192,25.3489
-8.58666,-30.045,4.08621,2.85076,30.1579,25.4719,-22.3337,-6.90947,25.6419
-7.18325,-31.435,4.51126,2.37956,29.55,25.3084,-22.6999,-6.32351,25.9349
-5.49204,-32.9512,5.04864,1.81412,28.8721,25.1684,-23.0661,-5.59106,26.2279
-3.79373,-34.2878,5.69813,1.24868,28.2409,25.1217,-23.4324,-4.93185,26.5208
-1.94012,-35.5376,6.39147,0.636119,27.633,25.1217,-23.8718,-4.27265,26.9603
0,-36.7943,7.05171,0,27.0252,25.1217,-24.3845,-3.83318,27.3998
1.95467,-37.9861,7.70194,-0.636119,26.4407,25.145,-24.824,-3.3937,27.9125
3.70816,-39.0657,8.44631,-1.20156,25.8797,25.2384,-25.3367,-2.88099,28.2787
5.77124,-40.2256,9.24781,-1.86124,25.2718,25.3551,-25.9959,-2.51476,28.7182
7.62971,-41.2432,9.95273,-2.45024,24.7341,25.4719,-26.5087,-2.14854,29.1577
10.1072,-42.4926,10.875,-3.22771,24.0562,25.6586,-27.2411,-1.78231,29.7436
12.2241,-43.4962,11.5434,-3.88739,23.5185,25.7987,-27.9003,-1.41608,30.1831
14.3569,-44.5037,12.1756,-4.54707,22.9808,25.9388,-28.4863,-1.1231,30.8423
16.1213,-45.2136,12.6803,-5.08895,22.5833,26.0789,-28.999,-0.830124,31.4283
17.9734,-45.8508,13.1823,-5.65439,22.2093,26.2423,-29.585,-0.610388,31.941
19.9182,-46.2146,13.7158,-6.24339,21.9288,26.4758,-30.1709,-0.244162,32.6002
21.4825,-46.3493,14.1209,-6.71459,21.7651,26.6859,-30.7569,-0.097672,33.1129
23.2096,-46.2819,14.5282,-7.23291,21.6716,26.9427,-31.3428,0.0488184,33.6989
24.7841,-46.0098,14.8586,-7.70411,21.6716,27.1996,-32.0753,0.195309,34.0651
26.0433,-45.8105,15.074,-8.08107,21.6716,27.3863,-32.588,0.341799,34.5778
27.4726,-45.4333,15.3608,-8.50515,21.7184,27.6432,-33.2472,0.415044,35.0905
28.8937,-44.978,15.5477,-8.92922,21.8119,27.8766,-33.7599,0.415044,35.6032
30.2311,-44.1926,15.6614,-9.32974,22.0456,28.1335,-34.3459,0.561535,35.9695
31.4196,-43.4057,15.7881,-9.68314,22.2794,28.3903,-34.7121,0.561535,36.4089
32.676,-42.34,15.8345,-10.0601,22.6301,28.6704,-35.1516,0.708025,36.7752
33.9427,-41.1206,15.918,-10.4371,23.0275,28.9973,-35.5911,0.708025,37.2879
35.2967,-39.6204,16.0249,-10.8376,23.5185,29.3942,-36.1038,0.63478,37.8006
36.3874,-38.2263,15.9698,-11.1674,24.0094,29.6977,-36.6897,0.708025,38.1668
37.3256,-36.5806,15.9321,-11.4501,24.5939,30.0479,-37.3489,0.708025,38.4598
38.0862,-34.8162,15.7922,-11.6857,25.2485,30.3748,-37.9349,0.63478,38.8993
38.6107,-33.0065,15.6561,-11.8507,25.9264,30.7017,-38.3744,0.488289,39.1923
39.045,-31.104,15.4683,-11.992,26.6512,31.0285,-38.8871,0.341799,39.5585
39.3882,-29.1107,15.2259,-12.1098,27.4226,31.3554,-39.2533,0.122064,39.7782
39.6392,-27.0289,14.9257,-12.2041,28.2409,31.6822,-39.5463,-0.170917,40.0712
39.7247,-24.661,14.5929,-12.2512,29.176,32.0558,-39.9125,-0.537143,40.3642
39.6463,-22.5813,14.2316,-12.2512,30.0176,32.3593,-40.2787,-0.903369,40.5107
39.54,-20.1275,13.7421,-12.2512,31.0229,32.7095,-40.7182,-1.34284,40.7304
39.3657,-17.9049,13.2998,-12.2276,31.9346,33.0364,-41.0844,-1.70907,40.8037
39.0176,-15.5595,12.7726,-12.1569,32.9165,33.3632,-41.3774,-2.22178,40.9501
38.5181,-13.1563,12.2567,-12.0391,33.9218,33.7135,-41.6704,-2.80774,41.0234
37.9328,-10.7274,11.6886,-11.8978,34.9504,34.0637,-42.0366,-3.32046,41.0234
37.1991,-8.43771,11.1307,-11.7093,35.9323,34.3905,-42.3296,-3.83318,41.0966
36.2289,-6.08046,10.5173,-11.4501,36.9609,34.7174,-42.5493,-4.41914,41.0966
35.0187,-3.88189,9.80785,-11.1203,37.9662,34.9742,-42.6958,-5.07834,41.1699
33.5838,-1.47456,9.05128,-10.7198,39.065,35.2777,-42.8423,-5.59106,41.1699
32.0037,0.685347,8.24321,-10.2721,40.0936,35.5112,-42.8423,-6.25027,41.1699
30.3002,2.73737,7.48314,-9.77738,41.0755,35.7447,-42.6958,-6.90947,41.1699
28.2124,5.00758,6.51875,-9.16482,42.1977,35.9781,-42.4761,-7.71517,41.1699
26.0035,7.06224,5.53657,-8.50515,43.2497,36.1649,-42.0366,-8.59411,41.0966
24.0698,8.63268,4.75301,-7.91615,44.0679,36.305,-41.7437,-9.25332,41.0966
21.7768,10.1266,3.80524,-7.20935,44.9095,36.375,-41.2309,-9.98577,41.0234
19.666,11.3078,2.93614,-6.54967,45.6109,36.3984,-40.7182,-10.7182,41.0234
17.2264,12.4748,2.06326,-5.77219,46.3122,36.4217,-40.1323,-11.5972,40.9501
14.7428,13.5579,1.14433,-4.97115,46.9902,36.4217,-39.3998,-12.2564,40.7304
12.6549,14.3705,0.431577,-4.28791,47.5045,36.4217,-38.6674,-12.9156,40.4374
10.4471,15.0378,-0.311938,-3.55755,47.9721,36.375,-38.1546,-13.5015,39.8515
8.05347,15.6303,-1.08317,-2.75652,48.4163,36.305,-37.4954,-14.234,39.3388
6.03132,16.0057,-1.74502,-2.07328,48.7436,36.2116,-36.9095,-14.6735,38.826
3.27037,16.2539,-2.67848,-1.13088,49.0942,36.0015,-35.884,-15.4059,38.0936
1.15325,16.2516,-3.37584,-0.400519,49.2813,35.7914,-35.0051,-15.9186,37.2879
-1.14747,15.9188,-4.20349,0.400519,49.3748,35.4411,-33.9797,-16.5046,36.2625
-2.95934,15.5107,-4.80285,1.03664,49.3748,35.1376,-32.9542,-16.9441,35.3103
-4.759,14.9373,-5.3897,1.67276,49.3046,34.7874,-31.8556,-17.3835,34.2116
-6.28388,14.3938,-5.858,2.21464,49.2111,34.4839,-30.9766,-17.6033,33.2594
-8.13232,13.5224,-6.37865,2.87432,49.0007,34.0637,-29.7314,-17.8962,31.941
-9.58335,12.5422,-6.69286,3.39263,48.6968,33.6668,-28.7793,-18.0427,30.7691
-11.1005,11.4262,-6.95425,3.93451,48.3227,33.2465,-27.8271,-18.1892,29.5971
-12.4934,10.232,-7.06094,4.42927,47.8786,32.8496,-26.8749,-18.3357,28.5717
-13.7549,8.93453,-7.14295,4.87691,47.3876,32.4294,-25.9959,-18.2625,27.473
-14.9486,7.63587,-7.23911,5.30099,46.8967,32.0091,-25.2635,-18.3357,26.6673
-16.2173,6.09145,-7.25748,5.74863,46.2888,31.5422,-24.3845,-18.2625,25.7884
-17.4121,4.38363,-7.35507,6.17271,45.6343,31.0052,-23.5056,-18.116,24.9827
-18.7405,2.26608,-7.46068,6.64391,44.816,30.3514,-22.5534,-17.8962,23.9573
-19.9999,0.210398,-7.58753,7.09155,44.0212,29.7211,-21.6745,-17.3835,22.9318
-20.9971,-1.82267,-7.66866,7.44495,43.2263,29.114,-20.942,-17.0173,22.0529
-21.8573,-4.1648,-7.77134,7.75123,42.3145,28.4136,-20.2828,-16.5046,21.174
-22.6479,-6.68513,-7.89189,8.03395,41.3327,27.6665,-19.6236,-15.9186,20.295
-23.3223,-9.3111,-7.88417,8.26955,40.2806,26.9427,-19.1841,-15.1862,19.3428
-23.8681,-11.857,-7.84069,8.45803,39.252,26.2657,-18.8179,-14.4537,18.4639
-24.2228,-14.6079,-7.72558,8.57583,38.1298,25.5653,-18.3784,-13.5015,17.4384
-24.5221,-16.9082,-7.53556,8.67007,37.1713,25.0283,-18.0855,-12.6958,16.706
-24.6959,-19.5955,-7.28472,8.71719,36.0492,24.4212,-17.7192,-11.8901,15.9735
-24.7406,-22.6776,-6.993,8.71719,34.7634,23.7442,-17.5727,-10.7915,15.1678
-24.7895,-25.6262,-6.67438,8.71719,33.5243,23.1371,-17.2798,-9.91252,14.5819
-24.8271,-28.37,-6.42881,8.71719,32.3788,22.5768,-17.2065,-8.96034,13.9227
-24.7954,-30.7699,-6.19092,8.69363,31.3735,22.1099,-17.1333,-8.22789,13.41
-24.9014,-33.6189,-5.94428,8.71719,30.1813,21.5729,-16.9868,-7.2757,12.7508
-24.986,-35.885,-5.8387,8.74075,29.2461,21.1293,-16.9868,-6.39676,12.1648
-25.2186,-38.0555,-5.66214,8.81143,28.3344,20.7557,-16.9868,-5.51781,11.7986
-25.6596,-40.1504,-5.47293,8.95278,27.446,20.4289,-16.8403,-4.71212,11.2126
-26.1651,-41.9082,-5.31859,9.1177,26.6979,20.172,-16.8403,-3.90642,10.8464
-26.9327,-43.6247,-5.25435,9.37686,25.9732,19.9152,-16.767,-3.24721,10.4069
-27.9039,-45.2805,-5.22027,9.7067,25.2718,19.6817,-16.6938,-2.66125,9.89419
-29.0765,-46.7087,-5.23463,10.1072,24.664,19.495,-16.4008,-2.07529,9.45472
-30.5454,-47.9704,-5.16334,10.602,24.1029,19.4016,-16.0346,-1.56258,8.94201
-32.4851,-49.2371,-5.20968,11.2617,23.5419,19.3082,-15.6684,-1.1231,8.42929
-34.691,-50.3403,-5.35976,12.0156,23.0509,19.2381,-15.1557,-0.756878,7.84333
-36.6659,-51.2641,-5.63484,12.6988,22.6535,19.1448,-14.6429,-0.537143,7.25737
-39.098,-52.2582,-6.08154,13.547,22.2327,19.028,-13.9837,-0.170917,6.59816
-41.3572,-53.07,-6.66545,14.348,21.9054,18.8879,-13.178,-0.0244268,5.93896
-43.9324,-53.8322,-7.39426,15.2669,21.6015,18.7479,-12.2991,0.122064,5.2065
-46.5598,-54.5949,-8.1868,16.2093,21.2975,18.6078,-11.3469,0.341799,4.40081
-49.0948,-55.2567,-9.04289,17.1281,21.0404,18.4677,-10.3947,0.561535,3.7416
-51.6135,-55.9187,-9.94169,18.0469,20.7832,18.3276,-9.51578,0.708025,3.08239
-54.3261,-56.5639,-10.901,19.0364,20.5261,18.2109,-8.63683,0.854515,2.2767
-57.3416,-57.2095,-12.0268,20.1438,20.2689,18.0941,-7.68465,1.00101,1.471
-60.7223,-57.9067,-13.3448,21.3924,19.9884,17.9774,-6.36623,1.29399,0.445568
-63.4507,-58.3662,-14.4491,22.4055,19.8013,17.9074,-5.19431,1.44048,-0.506619
-66.2068,-58.7235,-15.6634,23.4422,19.6611,17.8373,-4.09563,1.66021,-1.45881
-69.4029,-58.9452,-17.0659,24.6437,19.5676,17.814,-2.77722,1.8067,-2.33775
-72.5454,-59.0131,-18.5847,25.8453,19.5442,17.7906,-1.53205,1.95319,-3.21669
-75.5106,-58.9965,-19.9996,26.9762,19.5442,17.814,-0.286884,2.02644,-4.02239
-78.3273,-58.9798,-21.4087,28.0599,19.5442,17.8373,1.03153,2.17293,-4.90133
-81.5181,-58.8785,-22.9975,29.285,19.5676,17.9074,2.56968,2.17293,-5.78027
-84.2204,-58.709,-24.3491,30.3217,19.6143,18.0007,3.81485,2.24617,-6.58597
-86.981,-58.4885,-25.6189,31.3583,19.6611,18.1642,5.13326,2.39266,-7.46491
-89.5563,-58.1474,-26.8187,32.3243,19.7546,18.351,6.37843,2.39266,-8.27061
-92.1121,-57.5996,-27.9448,33.2667,19.9182,18.6078,7.77008,2.39266,-9.22279
-94.6979,-56.8278,-29.1768,34.2326,20.1754,18.8879,9.01525,2.39266,-10.0285
-96.4339,-56.1915,-29.9544,34.8687,20.3858,19.1214,9.89419,2.39266,-10.6145
-98.291,-55.3141,-30.8153,35.552,20.6897,19.4016,10.9196,2.31942,-11.1272
-99.6845,-54.4715,-31.4995,36.0703,20.9936,19.6351,11.7253,2.31942,-11.6399
-101.041,-53.4391,-32.1252,36.5651,21.3677,19.9152,12.3845,2.24617,-12.1526
-101.993,-52.4433,-32.5985,36.9185,21.7417,20.1487,12.9705,2.17293,-12.4456
-103.246,-50.3512,-33.144,37.3661,22.5366,20.6156,13.9959,1.8067,-12.9583
-103.716,-48.8471,-33.3364,37.531,23.121,20.9191,14.5086,1.51372,-13.178
-103.967,-45.5274,-33.3542,37.6017,24.4302,21.5495,15.0946,0.92776,-13.3978
-103.825,-43.7349,-33.3092,37.5546,25.1549,21.853,15.4608,0.415044,-13.471
-103.512,-41.6702,-33.0261,37.4132,25.9732,22.2499,15.6073,-0.0244268,-13.6175
-102.961,-39.2573,-32.5933,37.1776,26.9317,22.7169,15.6806,-0.683633,-13.6175
-102.542,-37.5108,-32.3353,37.0127,27.633,23.0438,15.6806,-1.1231,-13.6907
-102.068,-35.7002,-32.0329,36.8242,28.3578,23.394,15.6073,-1.70907,-13.6907
-101.534,-33.7524,-31.8125,36.6357,29.1526,23.7442,15.3876,-2.14854,-13.764
-101.03,-31.8376,-31.5521,36.4473,29.9241,24.1177,15.2411,-2.80774,-13.6907
-100.6,-30.0683,-31.4299,36.3059,30.6488,24.4446,15.0214,-3.32046,-13.6907
-100.058,-27.9818,-31.342,36.141,31.5138,24.8181,14.8749,-3.90642,-13.764
-99.6185,-26.0211,-31.3535,36.0232,32.3321,25.1684,14.7284,-4.49238,-13.764
-99.2322,-24.0015,-31.4117,35.9289,33.1737,25.5419,14.5086,-5.0051,-13.764
-98.9542,-21.9236,-31.5588,35.8818,34.0387,25.9388,14.3621,-5.59106,-13.764
-98.6909,-19.6508,-31.6863,35.8347,34.9738,26.4058,14.2157,-6.17702,-13.764
-98.5572,-17.66,-31.8713,35.8347,35.792,26.826,14.0692,-6.68974,-13.764
-98.4648,-15.6787,-32.1174,35.8583,36.6103,27.2463,14.0692,-7.20245,-13.764
-98.3363,-13.484,-32.413,35.8818,37.522,27.7132,13.9227,-7.71517,-13.764
-98.4129,-11.2506,-32.7772,35.9761,38.4338,28.2268,13.9227,-8.52087,-13.764
-98.5641,-8.68778,-33.1544,36.0939,39.4624,28.8572,13.7762,-9.25332,-13.764
-98.9192,-6.01639,-33.6007,36.2823,40.5144,29.5576,13.7762,-10.059,-13.764
-99.2458,-4.10577,-33.9685,36.4473,41.2625,30.0713,13.7029,-10.7182,-13.764
-99.6467,-1.34651,-34.5802,36.6829,42.3613,30.795,13.8494,-11.5972,-13.6907
-100.134,0.956779,-35.073,36.9185,43.2497,31.4488,13.9227,-12.4029,-13.764
-100.875,3.68953,-35.684,37.2483,44.2783,32.2659,13.9959,-13.2086,-13.764
-101.705,5.84524,-36.179,37.5781,45.0498,32.9663,14.1424,-13.941,-13.764
-103.02,8.39368,-36.8353,38.0729,45.9148,33.8535,14.4354,-14.9664,-13.764
-104.415,10.9468,-37.6207,38.6148,46.7798,34.7407,14.8749,-15.9919,-13.764
-106.072,13.4624,-38.5288,39.2509,47.598,35.6513,15.3143,-16.8708,-13.764
-107.741,15.639,-39.4336,39.887,48.276,36.4684,15.9735,-17.7498,-13.8372
-109.108,17.2057,-40.1725,40.4053,48.7436,37.0755,16.3398,-18.409,-13.9837
-111.153,19.1171,-41.3045,41.1828,49.2813,37.8459,17.0722,-19.2147,-14.35
-113.177,20.76,-42.27,41.9132,49.6787,38.5697,17.8779,-20.0936,-14.8627
-115.314,22.1716,-43.3442,42.6906,49.9826,39.2234,18.6836,-20.9725,-15.5219
-117.593,23.3849,-44.4988,43.5152,50.193,39.8304,19.6358,-21.705,-16.0346
-120.044,24.3643,-45.709,44.387,50.2865,40.3908,20.588,-22.291,-16.8403
-122.353,25.1067,-46.8977,45.2116,50.3099,40.8577,21.5402,-22.8037,-17.646
-125.496,25.9658,-48.6011,46.3424,50.2865,41.4414,22.7853,-23.3164,-18.8912
-128.216,26.6203,-50.0708,47.3084,50.2164,41.9317,23.9573,-23.6826,-20.1363
-130.57,27.0657,-51.3317,48.133,50.0995,42.3286,24.9095,-23.9024,-21.1618
-133.496,27.2349,-52.8041,49.1225,49.7956,42.7255,26.2279,-24.1953,-22.4069
-136.079,27.2222,-54.1426,49.9942,49.4683,43.029,27.2533,-24.4151,-23.5056
-138.622,26.9919,-55.3685,50.8188,49.0475,43.2858,28.4985,-24.5616,-24.7508
-141.093,26.6486,-56.506,51.5963,48.5799,43.5193,29.5971,-24.708,-25.9959
-143.434,26.0411,-57.5981,52.3267,48.0422,43.6594,30.7691,-24.7813,-27.2411
-145.861,25.1663,-58.6636,53.057,47.3876,43.7528,31.8677,-24.8545,-28.413
-148.077,24.0538,-59.6433,53.7167,46.6863,43.7528,32.9664,-24.8545,-29.3652
-150.253,22.7758,-60.4985,54.3293,45.9148,43.7294,33.9919,-24.8545,-30.3906
-152.444,21.2142,-61.3768,54.9418,45.0498,43.636,34.8708,-24.6348,-31.3428
-154.598,19.2864,-62.2204,55.5308,44.0679,43.4493,35.823,-24.4883,-32.295
-156.425,17.3374,-62.9415,56.0256,43.1328,43.2158,36.6287,-24.2686,-33.1007
-157.947,15.016,-63.2334,56.3554,42.0808,42.8889,37.3611,-23.7559,-33.8332
-158.542,12.963,-62.9312,56.379,41.2391,42.5154,37.8738,-23.2431,-34.4191
-159.043,10.9366,-62.5977,56.379,40.4209,42.1418,38.1668,-22.7304,-34.7854
-159.467,8.98065,-62.3161,56.379,39.6494,41.7683,38.2401,-22.2177,-35.1516
-159.695,7.18916,-62.1643,56.379,38.9948,41.3714,38.2401,-21.8515,-35.3713
-159.757,5.20644,-62.0288,56.3554,38.3169,40.8811,38.2401,-21.3388,-35.6643
-159.639,3.31352,-61.9175,56.3083,37.709,40.3674,38.3133,-20.8261,-35.8108
-159.451,1.50636,-61.8532,56.2612,37.148,39.8538,38.2401,-20.3133,-35.9573
-159.164,-0.57843,-61.6658,56.1669,36.4934,39.2701,38.2401,-19.8006,-36.0305
-158.788,-2.67299,-61.2544,56.002,35.8154,38.7098,38.3133,-19.3612,-36.1038
-158.319,-5.0027,-60.8114,55.8135,35.0673,38.0794,38.1668,-18.7019,-36.177
-157.901,-7.46762,-60.3346,55.6251,34.2491,37.449,38.0203,-18.116,-36.2503
-157.529,-10.0713,-59.8267,55.4366,33.3607,36.8186,37.8006,-17.4568,-36.2503
-157.221,-12.2575,-59.2744,55.2481,32.5892,36.3283,37.5076,-16.7976,-36.3235
-156.678,-15.2121,-58.5021,54.9654,31.5606,35.6513,37.2146,-16.0651,-36.3235
-156.197,-17.5655,-57.8783,54.7298,30.7423,35.1143,36.9217,-15.4059,-36.3235
-155.732,-19.6893,-57.2435,54.4942,29.9942,34.6473,36.5554,-14.7467,-36.3968
-155.214,-21.739,-56.5506,54.235,29.2695,34.2037,36.1892,-14.1607,-36.3968
-154.649,-24.0619,-55.6967,53.9287,28.4279,33.7368,35.823,-13.5015,-36.3968
-154.169,-25.8564,-54.9756,53.6696,27.7733,33.3866,35.6032,-13.0621,-36.3968
-153.52,-27.986,-54.0856,53.3398,27.0018,32.9663,35.237,-12.4029,-36.3235
-152.936,-29.8668,-53.3432,53.057,26.3239,32.5928,34.8708,-11.8901,-36.2503
-152.116,-31.809,-52.4837,52.7036,25.6459,32.1725,34.5778,-11.3774,-36.0305
-151.221,-33.6053,-51.6846,52.3502,25.0381,31.7523,34.2116,-10.938,-35.7375
-149.968,-35.642,-50.7714,51.9026,24.3835,31.2153,33.7721,-10.4252,-35.4446
-148.562,-37.4489,-49.7876,51.4078,23.8224,30.7017,33.1862,-9.76603,-35.1516
-146.934,-39.3564,-48.6945,50.8424,23.2379,30.1413,32.6002,-9.32656,-34.7121
-145.099,-41.2851,-47.4853,50.2063,22.6535,29.5576,31.8677,-8.81385,-34.1262
-143.074,-43.1568,-46.1514,49.4995,22.0924,28.974,31.1353,-8.37438,-33.5402
-140.907,-44.9705,-44.7585,48.7456,21.5547,28.3903,30.3296,-7.71517,-32.8077
-138.744,-46.5733,-43.388,47.9916,21.0871,27.8533,29.5971,-7.20245,-32.2218
-136.901,-47.8913,-42.1626,47.332,20.6897,27.433,28.9379,-6.68974,-31.5626
-134.71,-49.2545,-40.7586,46.5545,20.2923,26.9661,28.1322,-6.17702,-30.7569
-132.796,-50.3103,-39.5322,45.8712,19.9884,26.5925,27.3998,-5.73755,-30.0977
-130.348,-51.6905,-37.8929,44.976,19.5676,26.1489,26.4476,-5.15159,-29.2187
-128.025,-52.916,-36.3666,44.1278,19.1935,25.752,25.6419,-4.71212,-28.3398
-125.714,-54.1143,-34.8505,43.2796,18.8195,25.3785,24.763,-4.27265,-27.5341
-123.236,-55.2519,-33.4271,42.4079,18.4922,24.9582,23.8108,-3.83318,-26.9481
-120.984,-56.3102,-32.2279,41.6305,18.1882,24.5613,22.9318,-3.3937,-26.3622
-118.641,-57.2603,-31.0461,40.8294,17.9311,24.1644,21.9796,-2.88099,-25.703
-116.33,-58.1535,-29.9676,40.0519,17.6973,23.7675,20.881,-2.51476,-25.0438
-113.723,-59.0024,-28.9309,39.2038,17.5103,23.3006,20.002,-2.14854,-24.1648
-111.322,-59.6974,-28.0288,38.4263,17.37,22.8803,19.1231,-1.70907,-23.5056
-108.661,-60.3237,-27.1398,37.5781,17.2765,22.4134,18.0977,-1.19635,-22.8464
-106.349,-60.7249,-26.4377,36.8478,17.2531,22.0165,17.292,-0.830124,-22.2604
-103.035,-61.2797,-25.5472,35.8111,17.2297,21.4328,16.2665,-0.390653,-21.3815
-100.496,-61.5817,-24.8806,35.0101,17.2531,21.0125,15.3876,0.0488184,-20.7223
-97.9267,-61.858,-24.1769,34.1855,17.2765,20.6156,14.3621,0.63478,-20.0631
-95.3478,-62.0764,-23.5326,33.3609,17.3232,20.2187,13.41,1.00101,-19.4039
-93.161,-62.111,-22.9808,32.6541,17.4168,19.9152,12.4578,1.51372,-18.8912
-90.7046,-62.145,-22.4944,31.8766,17.5337,19.5417,11.4323,2.02644,-18.3052
-88.4423,-62.0684,-22.0048,31.1463,17.6739,19.2381,10.4802,2.53915,-17.7192
-86.0957,-61.8331,-21.5585,30.3924,17.8843,18.9346,9.38148,3.05187,-17.1333
-83.932,-61.4392,-21.1153,29.6855,18.1415,18.7012,8.42929,3.4181,-16.4741
-81.7331,-60.8547,-20.6272,28.9552,18.4688,18.5144,7.40386,3.85757,-15.8881
-79.4962,-60.0815,-20.098,28.2013,18.8662,18.3743,6.30518,4.15055,-15.3021
-77.6101,-59.2756,-19.6753,27.5652,19.2636,18.2809,5.27975,4.51677,-14.7162
-75.8365,-58.3181,-19.2075,26.9526,19.7078,18.2576,4.40081,4.66326,-14.1302
-74.2659,-57.3462,-18.8126,26.4107,20.152,18.2576,3.52186,4.883,-13.6907
-72.4646,-56.1225,-18.4376,25.7982,20.7131,18.2576,2.71617,4.95624,-13.1048
-71.0231,-55.0892,-18.1225,25.3034,21.1807,18.2809,2.13021,4.95624,-12.5921
-69.4385,-53.6711,-17.8058,24.7615,21.8119,18.351,1.39775,5.02949,-12.0794
-68.1556,-52.325,-17.4994,24.3139,22.3963,18.4677,0.811794,4.95624,-11.5666
-67.0915,-51.0665,-17.2125,23.9369,22.934,18.6078,0.152587,4.95624,-11.0539
-65.8242,-49.4777,-16.8871,23.4893,23.612,18.7945,-0.506619,4.883,-10.5412
-64.8338,-48.0934,-16.6126,23.1359,24.1964,18.9813,-1.16583,4.73651,-10.175
-64.0448,-46.6956,-16.3883,22.8532,24.7809,19.1915,-1.75179,4.59002,-9.80876
-63.1944,-44.8365,-16.1377,22.5469,25.5524,19.495,-2.48424,4.37028,-9.44253
-62.5498,-43.1307,-15.9234,22.3113,26.2537,19.7985,-2.92371,4.15055,-9.00306
-61.888,-41.3817,-15.7524,22.0757,26.9784,20.102,-3.28994,3.85757,-8.63683
-61.1463,-39.4754,-15.6012,21.8165,27.7733,20.4289,-3.72941,3.4181,-8.12412
-60.4588,-37.6919,-15.4999,21.5809,28.5214,20.7324,-4.09563,2.97863,-7.83114
-59.6699,-35.5447,-15.4763,21.3218,29.4332,21.0826,-4.46186,2.46591,-7.46491
-59.0527,-33.4636,-15.3888,21.1097,30.2982,21.4795,-4.90133,2.02644,-7.09868
-58.4925,-31.6187,-15.3436,20.9212,31.0696,21.8297,-5.12106,1.58697,-6.87895
-57.9374,-29.5352,-15.2879,20.7328,31.9346,22.2499,-5.41405,1.07425,-6.58597
-57.4077,-27.4192,-15.1671,20.5443,32.7996,22.7169,-5.63378,0.708025,-6.36623
-56.9341,-25.1329,-15.0898,20.3794,33.7347,23.2305,-5.78027,0.122064,-6.00001
-56.5184,-22.7898,-15.0514,20.238,34.6933,23.7675,-6.00001,-0.463898,-5.78027
-56.1369,-20.2793,-14.9209,20.0966,35.6985,24.3979,-6.29299,-1.04986,-5.56054
-55.8103,-17.7113,-14.8362,19.9788,36.7272,25.0516,-6.43948,-1.70907,-5.26756
-55.5011,-14.7537,-14.7037,19.861,37.8961,25.8454,-6.65921,-2.58801,-4.90133
-55.3329,-12.3519,-14.5758,19.7904,38.8312,26.5225,-6.87895,-3.24721,-4.60835
-55.2808,-9.71396,-14.5221,19.7668,39.8598,27.2696,-7.02544,-4.12616,-4.09563
-55.2381,-7.16567,-14.4422,19.7432,40.8417,28.0167,-7.17193,-5.0051,-3.72941
-55.3566,-4.54444,-14.3112,19.7668,41.8236,28.8339,-7.31842,-5.81079,-3.43643
-55.3885,-1.81887,-14.2225,19.7668,42.8522,29.6744,-7.39166,-6.76298,-3.0702
-55.547,1.23649,-14.1799,19.8139,43.9978,30.6316,-7.53816,-7.9349,-2.77722
-55.7328,3.62642,-14.0621,19.861,44.8628,31.4254,-7.6114,-8.96034,-2.55748
-56.0127,5.96972,-13.884,19.9317,45.681,32.2426,-7.6114,-9.98577,-2.33775
-56.2888,8.07773,-13.7179,20.0024,46.4057,32.9897,-7.68465,-10.938,-2.19126
-56.4741,10.5991,-13.6049,20.0495,47.2941,33.8535,-7.75789,-11.9634,-1.97152
-56.6728,12.9823,-13.4561,20.0966,48.1123,34.694,-7.75789,-12.9888,-1.67854
-56.861,15.4362,-13.337,20.1438,48.954,35.5579,-7.75789,-14.234,-1.38556
-56.9463,18.6318,-13.1046,20.1438,50.0294,36.7019,-7.83114,-15.6256,-1.01934
-56.8489,24.062,-12.7767,20.0731,51.8529,38.6397,-7.83114,-17.6765,-0.360129
-56.7445,25.684,-12.6653,20.026,52.3906,39.2234,-7.90438,-18.7019,0.00609677
-56.3291,28.7293,-12.4113,19.861,53.3958,40.3207,-7.90438,-19.9471,0.299077
-55.9736,30.8321,-12.1908,19.7197,54.0738,41.0912,-8.12412,-21.1923,0.738548
-55.6314,33.2136,-11.9316,19.5783,54.8219,41.9784,-8.4171,-22.2177,1.03153
-55.2453,35.151,-11.7951,19.437,55.4531,42.6788,-8.56359,-23.1699,1.39775
-54.9455,37.0291,-11.6183,19.3192,56.0376,43.3792,-8.85657,-23.9024,1.69074
-54.7028,38.91,-11.4848,19.2249,56.622,44.0796,-9.0763,-24.708,1.98372
-54.4606,40.9675,-11.3491,19.1307,57.2532,44.8501,-9.44253,-25.587,2.34994
-54.2142,43.2707,-11.2254,19.0364,57.9546,45.7139,-9.882,-26.6124,2.71617
-54.0242,45.1998,-11.1474,18.9658,58.539,46.4377,-10.1017,-27.4914,3.08239
-53.8977,46.9962,-11.0948,18.9186,59.0767,47.1148,-10.3215,-28.2971,3.44862
-53.8463,49.0113,-11.0339,18.8951,59.6612,47.8852,-10.6145,-29.176,3.81485
-53.7861,50.7865,-10.9985,18.8715,60.1755,48.5623,-10.9074,-29.9817,4.18107
-53.7689,52.8357,-11.049,18.8715,60.7833,49.3328,-11.1272,-31.0804,4.69379
-53.7445,54.6428,-11.1202,18.8715,61.321,50.0098,-11.4201,-31.8861,4.91352
-53.7404,56.4678,-11.1323,18.8715,61.8353,50.7103,-11.6399,-32.765,5.27975
-53.7438,58.6945,-11.1222,18.8715,62.4432,51.5741,-11.9329,-33.7172,5.64597
-53.7299,60.459,-11.163,18.8715,62.9341,52.2512,-12.0794,-34.4497,5.93896
-53.7254,62.2019,-11.176,18.8715,63.4017,52.9283,-12.3723,-35.2554,6.30518
-53.7361,63.8563,-11.1449,18.8715,63.8225,53.582,-12.5921,-36.061,6.67141
-53.8161,65.5587,-11.1221,18.8951,64.2433,54.259,-12.8118,-37.0132,7.03763
-53.8328,67.0178,-11.0731,18.8951,64.594,54.8427,-13.1048,-37.7457,7.33061
-53.8831,68.8398,-10.9264,18.8951,64.9914,55.5898,-13.3978,-38.6979,7.69684
-53.8545,70.4427,-10.7984,18.8715,65.3421,56.2436,-13.6175,-39.4303,8.13631
-53.911,72.0738,-10.6331,18.8715,65.6694,56.9206,-13.8372,-40.236,8.50254
-53.9888,74.1448,-10.4055,18.8715,66.0668,57.7845,-14.1302,-41.2615,8.94201
-54.0647,75.7464,-10.1834,18.8715,66.3473,58.4616,-14.4964,-42.0672,9.23499
-54.0718,77.4696,-9.94982,18.848,66.6513,59.1853,-14.8627,-42.9461,9.60121
-54.117,78.8758,-9.81742,18.848,66.9084,59.769,-15.1557,-43.7518,9.96744
-54.1841,80.4282,-9.62111,18.848,67.1656,60.4227,-15.5219,-44.5575,10.4802
-54.2281,81.7757,-9.49215,18.848,67.3994,60.9831,-15.7416,-45.2899,10.8464
-54.3587,83.2706,-9.32347,18.8715,67.6331,61.6134,-16.0346,-46.2421,11.3591
-54.4189,84.5379,-9.14727,18.8715,67.8202,62.1504,-16.3276,-46.9746,11.7253
-54.4998,85.9542,-8.91069,18.8715,68.0072,62.7575,-16.6938,-47.6338,12.0183
-54.584,87.4246,-8.66417,18.8715,68.1942,63.3878,-16.9135,-48.4395,12.4578
-54.6798,88.8809,-8.38393,18.8715,68.3579,64.0182,-17.2065,-49.1719,12.8972
-54.757,90.1269,-8.15812,18.8715,68.4981,64.5552,-17.4995,-49.7579,13.1902
-54.8603,91.5744,-7.85612,18.8715,68.6384,65.1856,-17.7192,-50.5636,13.6297
-54.9658,93.0776,-7.54721,18.8715,68.7787,65.8393,-18.0122,-51.3693,14.1424
-55.0686,94.4679,-7.24658,18.8715,68.8956,66.4463,-18.3052,-52.1017,14.6551
-55.1929,95.7746,-6.88305,18.8715,68.9657,67.03,-18.6714,-52.8342,15.0946
-55.3202,97.427,-6.51067,18.8715,69.0826,67.7538,-19.0376,-53.5666,15.6806
-55.4515,98.7258,-6.12628,18.8715,69.1293,68.3374,-19.5504,-54.1526,16.0468
-55.5851,100.08,-5.73562,18.8715,69.1761,68.9445,-19.9166,-54.9583,16.6328
-55.7141,101.44,-5.3582,18.8715,69.2229,69.5515,-20.4293,-55.6908,17.2187
-55.8801,103.163,-4.8724,18.8715,69.2696,70.322,-20.942,-56.35,17.8779
-56.0046,104.586,-4.50845,18.8715,69.3164,70.9523,-21.3082,-57.0092,18.3906
-56.1625,106.027,-4.04637,18.8715,69.3164,71.6061,-21.821,-57.6684,19.0498
-56.3312,107.628,-3.55297,18.8715,69.3164,72.3298,-22.3337,-58.5473,19.7823
-56.4562,109.048,-3.18703,18.8715,69.3398,72.9602,-22.8464,-59.353,20.6612
-56.5978,110.505,-2.77302,18.8715,69.3398,73.6139,-23.5056,-60.0855,21.3204
-56.7196,111.81,-2.41667,18.8715,69.3398,74.1976,-24.0916,-60.8912,22.1261
-56.8325,113.067,-2.08643,18.8715,69.3398,74.7579,-24.6043,-61.4771,22.7853
-56.9503,114.432,-1.74182,18.8715,69.3398,75.365,-25.3367,-62.1363,23.591
-56.9905,115.748,-1.39993,18.848,69.3398,75.9487,-25.9959,-62.942,24.47
-57.1192,117.385,-1.02266,18.848,69.3398,76.6724,-26.8749,-63.6745,25.3489
-57.2337,118.92,-0.687466,18.848,69.3398,77.3495,-27.6806,-64.4802,26.4476
-57.3313,120.3,-0.401565,18.848,69.3398,77.9565,-28.5595,-64.9929,27.3265
-57.4311,121.79,-0.109166,18.848,69.3398,78.6102,-29.4385,-65.7253,28.352
-57.509,123.016,0.118972,18.848,69.3398,79.1472,-30.3174,-66.2381,29.3042
-57.5894,124.352,0.3546,18.848,69.3398,79.7309,-31.3428,-66.8973,30.3296
-57.7437,125.85,0.579473,18.8715,69.3398,80.3846,-32.3683,-67.6297,31.5015
-57.9036,127.567,0.819923,18.8951,69.3398,81.1317,-33.6134,-68.4354,33.0397
-58.0414,128.964,0.995135,18.9186,69.3398,81.7388,-34.6389,-69.0946,34.1383
-58.2395,130.255,1.11859,18.9658,69.3398,82.2991,-35.8108,-69.6806,35.3835
-58.2711,131.406,1.21047,18.9658,69.3631,82.7894,-36.8362,-70.1933,36.4822
-58.3181,132.592,1.34734,18.9658,69.3631,83.303,-38.0814,-70.7793,37.8738
-58.3228,133.656,1.36112,18.9658,69.4099,83.7466,-39.3266,-71.1455,38.8993
-58.312,134.849,1.32954,18.9658,69.48,84.2369,-40.4985,-71.7314,40.2177
-58.2282,136.042,1.31266,18.9422,69.5502,84.7272,-41.8901,-72.0977,41.6094
-58.2095,137.181,1.25825,18.9422,69.6203,85.1942,-43.0621,-72.6104,42.9278
-58.1853,138.213,1.18762,18.9422,69.6904,85.6144,-44.3072,-73.1231,44.3927
-58.1562,139.136,1.103,18.9422,69.7606,85.988,-45.3327,-73.5626,45.5646
-58.1463,140.258,1.07415,18.9422,69.8073,86.4549,-46.4313,-73.8556,46.8098
-58.0842,141.579,1.12,18.9186,69.8307,87.0153,-48.116,-74.295,48.3479
-58.1011,142.665,1.16934,18.9186,69.8307,87.4822,-49.7274,-74.5148,49.8861
-58.117,143.913,1.21574,18.9186,69.8307,88.0192,-51.5585,-74.881,51.7904
-58.1282,145.054,1.24844,18.9186,69.8307,88.5095,-53.3164,-75.2472,53.6948
-58.138,146.521,1.27691,18.9186,69.8307,89.1399,-55.3673,-75.6134,55.8922
-58.1424,147.934,1.28989,18.9186,69.8307,89.7469,-57.6378,-75.8332,57.943
-58.1423,149.183,1.28957,18.9186,69.8307,90.2839,-59.9817,-76.0529,60.2869
-58.155,150.414,1.32649,18.9186,69.8073,90.8209,-62.5453,-76.2726,62.9237
-58.1621,151.862,1.34727,18.9186,69.7839,91.4512,-65.5483,-76.4191,66.0732
-58.1677,152.984,1.36362,18.9186,69.7606,91.9415,-67.8189,-76.5656,68.4903
-58.1805,154.521,1.40088,18.9186,69.7138,92.6186,-71.3347,-76.7121,72.2991
-58.1931,155.731,1.43788,18.9186,69.667,93.1556,-74.2645,-76.8586,75.6684
-58.2575,156.852,1.39816,18.9422,69.6437,93.6459,-77.0478,-76.9319,78.7446
-58.2527,157.809,1.3842,18.9422,69.6203,94.0661,-79.3917,-77.0783,81.235
-58.2594,158.854,1.4036,18.9422,69.5735,94.5331,-81.5158,-77.0051,83.5056
-58.2616,159.953,1.41014,18.9422,69.5268,95.0234,-83.8596,-77.0051,86.0692
-58.2806,160.924,1.46547,18.9422,69.4566,95.467,-85.9837,-77.0783,88.4863
-58.3081,162.037,1.54541,18.9422,69.3631,95.9806,-88.1078,-77.1516,91.1231
-58.332,163.149,1.61515,18.9422,69.2696,96.4942,-90.5982,-77.1516,93.6134
-58.3876,164.166,1.77714,18.9422,69.1293,96.9845,-93.3082,-77.1516,96.3967
-58.4115,165.113,1.84693,18.9422,69.0358,97.4281,-96.0183,-77.1516,99.1801
-58.4469,166.092,1.95008,18.9422,68.9189,97.8951,-98.7284,-77.1516,102.037
-58.533,167.09,1.97271,18.9658,68.8254,98.362,-100.852,-77.2248,104.234
-58.5516,167.978,2.0267,18.9658,68.7319,98.7823,-102.391,-77.1516,105.845
-58.4971,169.167,2.09617,18.9422,68.615,99.3426,-104.442,-77.0783,107.823
-58.5353,170.42,2.20752,18.9422,68.4514,99.9496,-106.785,-77.0783,110.167
-58.5051,171.81,2.34808,18.9186,68.2644,100.627,-109.569,-76.9319,113.097
-58.5165,173.076,2.3814,18.9186,68.1241,101.234,-112.059,-76.7854,115.587
-58.4747,174.457,2.48829,18.8951,67.9371,101.911,-114.696,-76.6389,118.444
-58.4305,175.78,2.58862,18.8715,67.75,102.565,-117.406,-76.3459,121.227
-58.4266,177.224,2.57724,18.8715,67.5864,103.265,-120.189,-76.0529,123.864
-58.4488,178.621,2.64217,18.8715,67.376,103.965,-122.973,-75.6867,126.354
-58.5242,180.305,2.63307,18.8951,67.1422,104.806,-126.122,-75.2472,128.991
-58.6018,182.011,2.63035,18.9186,66.885,105.67,-128.832,-74.6613,131.774
-58.6105,183.737,2.65571,18.9186,66.6045,106.557,-131.908,-74.0753,134.118
-58.6362,185.593,2.73046,18.9186,66.2538,107.538,-135.351,-73.1231,136.755
-58.6351,186.924,2.72751,18.9186,66.02,108.238,-137.695,-72.5371,138.293
-58.6542,188.254,2.78299,18.9186,65.7395,108.962,-139.526,-71.8047,139.831
-58.5815,189.465,2.80048,18.8951,65.5057,109.615,-140.698,-71.1455,140.857
-58.4306,190.799,2.81888,18.848,65.2486,110.339,-141.504,-70.3398,141.589
-58.3303,192.017,2.75522,18.8244,65.0382,110.993,-141.797,-69.5341,141.735
-58.0904,193.176,2.74224,18.7537,64.8278,111.623,-141.797,-68.9481,141.955
-57.9133,194.25,2.68257,18.7066,64.6407,112.207,-141.87,-68.3622,142.102
-57.878,194.563,2.80978,18.683,64.5005,112.417,-141.87,-67.6297,142.175
-57.8538,194.703,2.50671,18.7066,64.6407,112.417,-141.87,-67.3367,142.395
-57.7367,194.916,2.16087,18.7066,64.8044,112.44,-141.943,-67.0438,142.468
-57.547,195.192,1.60063,18.7066,65.0849,112.44,-141.87,-67.0438,142.614
-57.2872,195.466,1.06269,18.683,65.3655,112.44,-141.943,-66.8973,142.614
-57.1445,195.669,0.640665,18.683,65.5759,112.44,-141.943,-66.824,142.614
-57.0333,195.826,0.311939,18.683,65.7395,112.44,-141.943,-66.7508,142.614
-56.9379,195.96,0.0298358,18.683,65.8798,112.44,-141.943,-66.6775,142.541
-56.8583,196.071,-0.205486,18.683,65.9967,112.44,-141.943,-66.6043,142.541
-56.8796,196.137,-0.370157,18.7066,66.0668,112.44,-141.943,-66.6043,142.468
-56.8477,196.181,-0.464384,18.7066,66.1136,112.44,-141.943,-66.6043,142.468
-56.7999,196.247,-0.605788,18.7066,66.1837,112.44,-141.943,-66.6775,142.614
-56.7679,196.291,-0.7001,18.7066,66.2305,112.44,-141.943,-66.6043,142.614
-56.736,196.335,-0.794446,18.7066,66.2772,112.44,-141.943,-66.6043,142.541
-56.72,196.357,-0.841631,18.7066,66.3006,112.44,-142.016,-66.6043,142.614
-56.704,196.379,-0.888825,18.7066,66.324,112.44,-142.016,-66.6043,142.541
