X,Y,Z,Q1,Q2,Q3,Q4,Q5,Q6
1.3266,-57.1001,-7.04517,-0.471199,20.9702,16.0162,-9.29604,6.49439,-3.50967
1.26057,-57.2017,-7.00574,-0.447639,20.9235,16.0162,-9.44253,6.49439,-3.58292
1.26072,-57.2526,-6.98632,-0.447639,20.9001,16.0162,-9.44253,6.42115,-3.50967
1.26072,-57.2526,-6.98632,-0.447639,20.9001,16.0162,-9.58902,6.42115,-3.50967
1.26032,-57.2676,-7.03855,-0.447639,20.9001,15.9929,-9.66227,6.49439,-3.50967
1.26062,-57.3692,-6.99977,-0.447639,20.8534,15.9929,-9.73551,6.42115,-3.50967
1.26077,-57.4201,-6.98041,-0.447639,20.83,15.9929,-9.73551,6.3479,-3.43643
1.1947,-57.5218,-6.94125,-0.424079,20.7832,15.9929,-9.882,6.3479,-3.50967
1.1286,-57.6236,-6.9022,-0.400519,20.7365,15.9929,-9.95525,6.27466,-3.50967
0.996063,-57.7253,-6.86284,-0.353399,20.6897,15.9929,-10.0285,6.27466,-3.50967
0.796878,-57.893,-6.8564,-0.28272,20.6196,15.9695,-10.0285,6.12817,-3.50967
0.59782,-58.1627,-6.81224,-0.21204,20.5027,15.9462,-10.1017,6.05492,-3.50967
0.265769,-58.4325,-6.76857,-0.0942398,20.3858,15.9228,-10.1017,5.98168,-3.50967
-0.0664458,-58.7685,-6.75954,0.02356,20.2455,15.8761,-10.175,5.98168,-3.50967
-0.398741,-59.1557,-6.73327,0.14136,20.0819,15.8294,-10.175,5.90843,-3.50967
-0.930751,-59.6455,-6.67273,0.329839,19.8715,15.7828,-10.175,5.83519,-3.43643
-1.39635,-60.2018,-6.64908,0.494759,19.6377,15.7127,-10.0285,5.76194,-3.50967
-1.99616,-60.8467,-6.54206,0.706799,19.3572,15.666,-9.882,5.76194,-3.43643
-2.46251,-61.4558,-6.50836,0.871719,19.1,15.596,-9.73551,5.83519,-3.50967
-3.32803,-62.3521,-6.50342,1.178,18.7259,15.4792,-9.44253,5.90843,-3.50967
-4.05956,-63.1465,-6.53955,1.43716,18.3986,15.3625,-9.14955,5.90843,-3.50967
-4.79072,-63.9417,-6.58325,1.69632,18.0714,15.2458,-8.85657,5.98168,-3.43643
-5.72139,-64.9592,-6.62778,2.02616,17.6505,15.1057,-8.49034,5.98168,-3.50967
-6.7157,-65.9922,-6.73991,2.37956,17.2297,14.9422,-8.27061,5.98168,-3.43643
-7.57669,-66.9082,-6.83801,2.68584,16.8557,14.8022,-8.05087,6.12817,-3.50967
-8.63331,-68.0613,-7.00038,3.06279,16.3881,14.6154,-7.83114,6.27466,-3.65616
-9.61952,-69.1109,-7.20438,3.41619,15.9673,14.4286,-7.6114,6.49439,-3.80265
-10.8035,-70.2659,-7.4058,3.84027,15.4997,14.2418,-7.24518,6.71413,-3.94914
-11.9844,-71.422,-7.62479,4.26435,15.0322,14.0551,-7.02544,6.86062,-4.24212
-13.2983,-72.566,-7.81964,4.73555,14.5646,13.8916,-6.65921,7.08035,-4.46186
-14.6761,-73.7639,-8.02687,5.23031,14.0737,13.7282,-6.21974,7.30009,-4.82808
-16.1214,-74.9504,-8.20969,5.74863,13.5827,13.5881,-5.56054,7.44658,-5.04782
-17.828,-76.1914,-8.43204,6.36119,13.0684,13.448,-4.97457,7.66632,-5.41405
-19.3404,-77.1966,-8.60134,6.90307,12.6476,13.3546,-4.24212,7.9593,-5.56054
-20.8434,-78.2155,-8.84442,7.44495,12.2268,13.2379,-3.58292,8.10579,-5.78027
-22.5464,-79.223,-9.08401,8.05751,11.806,13.1445,-2.99696,8.32552,-6.07325
-24.5103,-80.3383,-9.36774,8.76431,11.3384,13.0511,-2.2645,8.6185,-6.43948
-26.5382,-81.2826,-9.67347,9.49466,10.941,12.9811,-1.6053,8.83824,-6.8057
-28.5,-82.0553,-9.97696,10.2015,10.6137,12.9344,-1.01934,9.13122,-7.24518
-30.6525,-82.8286,-10.3466,10.9789,10.2864,12.8877,-0.140394,9.27771,-7.6114
-32.9378,-83.537,-10.7341,11.8035,9.98249,12.8643,0.738548,9.49744,-8.05087
-35.4074,-84.1388,-11.2198,12.6988,9.72533,12.841,1.69074,9.64394,-8.49034
-37.8152,-84.6753,-11.6884,13.5705,9.49155,12.841,2.71617,9.71718,-8.92981
-40.2097,-85.051,-12.2215,14.4423,9.3279,12.841,3.66836,9.93692,-9.44253
-42.9897,-85.3074,-12.8636,15.4553,9.21101,12.8643,4.76703,9.93692,-9.882
-45.8157,-85.4028,-13.5993,16.492,9.16426,12.8877,5.93896,10.0102,-10.3947
-48.3231,-85.3785,-14.2528,17.4108,9.16426,12.9344,6.96439,10.1567,-10.9074
-50.6486,-85.3419,-14.8342,18.259,9.16426,13.0044,7.98982,10.1567,-11.4201
-53.362,-85.2928,-15.5318,19.2485,9.16426,13.0978,9.16174,10.0834,-11.8596
-55.688,-85.1897,-16.1478,20.0966,9.18763,13.1912,9.89419,10.2299,-12.4456
-58.5374,-84.9538,-16.9087,21.1333,9.25777,13.3313,10.9929,10.2299,-13.0315
-60.7542,-84.6634,-17.4803,21.9343,9.35128,13.4714,11.7986,10.3031,-13.5443
-63.2852,-84.1986,-18.1907,22.8532,9.51493,13.6348,12.824,10.3031,-14.057
-65.6605,-83.6921,-18.9474,23.7249,9.70195,13.7749,13.7762,10.3031,-14.4964
-67.7392,-83.1185,-19.5641,24.4788,9.91236,13.9383,14.7284,10.3764,-14.9359
-70.2668,-82.3034,-20.3526,25.3976,10.2163,14.1484,15.9003,10.3031,-15.4486
-72.3377,-81.5007,-21.0261,26.1516,10.5202,14.3352,16.9257,10.3764,-15.8149
-74.3507,-80.5233,-21.682,26.8819,10.8942,14.5453,17.8047,10.3764,-16.1811
-76.8633,-79.1024,-22.4249,27.7772,11.4319,14.8722,18.9033,10.3764,-16.6938
-79.2888,-77.52,-23.219,28.6489,12.0398,15.1991,20.002,10.3764,-16.9868
-81.3181,-75.951,-23.9114,29.3793,12.6476,15.5026,20.9542,10.2299,-17.2798
-83.474,-74.0873,-24.6779,30.1568,13.3723,15.8528,21.9796,10.3031,-17.5727
-85.4952,-72.2238,-25.425,30.8871,14.0971,16.203,22.9318,10.0834,-17.8657
-87.2141,-70.4133,-26.0276,31.4997,14.7984,16.5532,23.8108,9.86367,-18.0122
-89.1577,-68.2253,-26.6763,32.1829,15.64,16.9968,24.6897,9.57069,-18.3784
-90.8964,-66.158,-27.2818,32.7955,16.4349,17.4171,25.4954,9.27771,-18.7447
-92.5795,-64.0225,-27.8629,33.3845,17.2531,17.8607,26.3011,8.91148,-19.0376
-94.1684,-61.6118,-28.476,33.9499,18.1882,18.3276,27.1068,8.54526,-19.4039
-95.5537,-59.496,-29.0304,34.4447,19.0065,18.7479,27.8393,8.32552,-19.6969
-97.3181,-56.3336,-29.6603,35.0572,20.2221,19.4016,28.9379,7.73956,-20.0631
-98.5491,-53.8955,-30.0939,35.4813,21.1573,19.9152,29.6704,7.30009,-20.2828
-99.629,-51.4475,-30.6259,35.8818,22.1158,20.3822,30.3296,6.93386,-20.649
-100.49,-48.9052,-31.1071,36.2117,23.121,20.8491,30.8423,6.49439,-20.942
-101.168,-46.3408,-31.6017,36.4944,24.1497,21.2927,31.4283,5.98168,-21.3082
-101.755,-43.3816,-32.1005,36.7535,25.342,21.8063,31.941,5.32247,-21.6745
-102.223,-40.6527,-32.5252,36.9656,26.4407,22.2966,32.3805,4.73651,-21.9675
-102.509,-37.6322,-32.8435,37.1069,27.6564,22.857,32.8199,4.0773,-22.3337
-102.61,-34.5756,-33.2878,37.2247,28.9188,23.3706,33.1129,3.49134,-22.6267
-102.427,-31.4215,-33.7587,37.2719,30.2514,23.8609,33.3326,2.83213,-22.9196
-102.076,-28.5027,-34.1047,37.2483,31.4904,24.3279,33.5524,2.09968,-23.1394
-101.601,-25.5169,-34.5013,37.2012,32.7762,24.7948,33.7721,1.44048,-23.2859
-100.921,-22.741,-34.8275,37.0834,33.9919,25.215,33.8454,0.78127,-23.5056
-99.875,-19.2533,-35.1904,36.8713,35.5349,25.752,33.9919,-0.097672,-23.6521
-98.9041,-16.7387,-35.3489,36.6357,36.657,26.1489,34.0651,-0.830124,-23.7253
-97.712,-13.7408,-35.4744,36.3295,37.9896,26.6626,33.9919,-1.48933,-23.7986
-96.4395,-10.9041,-35.4957,35.9761,39.252,27.1762,33.9919,-2.36827,-23.8718
-95.0576,-8.07353,-35.4551,35.5755,40.5144,27.7132,33.9186,-3.17397,-23.9451
-93.5053,-5.31522,-35.3268,35.1043,41.7535,28.2502,33.6989,-3.83318,-23.9451
-92.024,-2.61538,-35.1185,34.6331,42.9458,28.8339,33.4791,-4.63887,-23.9451
-90.5376,-0.230666,-34.8193,34.1384,43.9978,29.3709,33.2594,-5.37132,-23.9451
-88.8454,2.17146,-34.4898,33.5729,45.0732,29.9078,32.9664,-6.32351,-23.9451
-86.9988,4.39958,-33.9386,32.9133,46.0551,30.4448,32.6002,-7.2757,-23.9451
-85.19,6.36807,-33.3507,32.2536,46.9201,30.9351,32.0875,-8.22789,-23.9451
-83.3215,8.09147,-32.7556,31.5703,47.6915,31.3554,31.5015,-9.03358,-23.9451
-81.3761,9.86038,-32.0567,30.84,48.463,31.8223,30.8423,-9.91252,-24.0183
-79.6786,11.1823,-31.3402,30.1803,49.0241,32.1959,30.1099,-10.645,-24.0183
-77.4597,12.4994,-30.3669,29.3086,49.5852,32.5694,29.4507,-11.5239,-23.9451
-75.2726,13.3201,-29.3501,28.4369,49.9358,32.8029,28.7182,-12.3296,-23.8718
-73.427,13.6773,-28.3911,27.683,50.0761,32.9196,28.059,-12.9888,-23.6521
-71.7546,13.7418,-27.522,26.9997,50.0995,32.943,27.3998,-13.5015,-23.1394
-70.1469,13.7069,-26.6678,26.34,50.0761,32.943,26.6673,-13.8678,-22.6267
-68.466,13.5671,-25.6629,25.6332,49.9826,32.943,25.8616,-14.3072,-22.0407
-66.7867,13.3273,-24.6441,24.9264,49.8423,32.9196,25.1292,-14.6735,-21.4547
-65.0805,12.8518,-23.5128,24.1961,49.5852,32.8496,24.3235,-14.9664,-20.7955
-63.5213,12.1381,-22.3504,23.5128,49.2111,32.7329,23.591,-15.3327,-20.1363
-61.986,11.1827,-21.1041,22.8296,48.7202,32.5694,22.8586,-15.6256,-19.5504
-60.7304,10.1556,-20.0098,22.2642,48.2059,32.3827,22.1261,-15.6989,-19.1109
-59.3121,8.88038,-18.7587,21.628,47.5746,32.1492,21.3204,-15.9186,-18.4517
-58.2313,7.76399,-17.7007,21.1333,47.0136,31.9624,20.5147,-15.9919,-17.939
-56.9204,6.39463,-16.4674,20.5443,46.3356,31.7289,19.6358,-16.0651,-17.353
-55.8181,5.28884,-15.4025,20.0495,45.7745,31.5655,18.9766,-15.9919,-16.9135
-54.5263,3.89812,-14.2363,19.4841,45.0966,31.332,18.1709,-15.9919,-16.4741
-53.3009,2.4183,-13.0442,18.9422,44.3718,31.0986,17.5849,-15.9919,-16.0346
-52.0852,0.739987,-11.779,18.4003,43.5536,30.8417,16.7792,-15.8454,-15.5951
-50.9881,-0.927108,-10.5404,17.9056,42.7354,30.6083,16.0468,-15.6256,-15.2289
-49.9402,-2.71922,-9.32514,17.4344,41.8704,30.3514,15.3876,-15.4059,-14.8627
-48.9483,-4.50206,-8.11461,16.9867,41.0054,30.118,14.8749,-15.1129,-14.4232
-47.8268,-6.85719,-6.56187,16.4684,39.8598,29.8378,14.2157,-14.6735,-13.9837
-46.772,-9.18564,-5.20661,15.9972,38.7611,29.5343,13.6297,-14.3805,-13.471
-46.1104,-11.2138,-4.20743,15.6909,37.8259,29.2541,13.1902,-14.0143,-13.1048
-45.3487,-13.8893,-3.00865,15.3375,36.6103,28.8806,12.7508,-13.5748,-12.7386
-44.8742,-16.5328,-2.0612,15.1019,35.4414,28.4837,12.238,-13.1353,-12.4456
-44.4332,-19.113,-1.23905,14.8899,34.3192,28.0868,11.8718,-12.6226,-12.2258
-44.1643,-21.5091,-0.584905,14.7485,33.2906,27.7132,11.6521,-12.1099,-12.0794
-43.9836,-23.9199,0.135033,14.6307,32.2385,27.3863,11.4323,-11.6704,-11.9329
-43.7372,-26.9868,0.898759,14.4894,30.9294,26.9427,11.2126,-11.0844,-11.8596
-43.5833,-29.7745,1.45559,14.3951,29.7605,26.5225,10.9196,-10.4252,-11.7131
-43.3256,-32.4401,1.90463,14.2773,28.6617,26.1022,10.7731,-9.83928,-11.7131
-42.9402,-35.7964,2.44548,14.1124,27.2824,25.5886,10.5534,-9.10683,-11.6399
-42.4486,-38.3068,2.87007,13.9239,26.2537,25.215,10.4069,-8.52087,-11.6399
-41.6597,-41.3163,3.31013,13.6412,25.0381,24.7481,10.1872,-7.78841,-11.5666
-40.7202,-44.1492,3.75573,13.3114,23.8925,24.3279,9.82095,-7.05596,-11.6399
-39.8507,-46.7303,4.19246,13.0051,22.8405,23.9776,9.52797,-6.32351,-11.6399
-38.697,-49.476,4.70532,12.6046,21.7184,23.6274,9.16174,-5.6643,-11.5666
-37.34,-52.4183,5.33172,12.1334,20.5027,23.3006,8.79552,-4.93185,-11.3469
-36.1954,-54.6343,5.92736,11.7329,19.5676,23.1138,8.42929,-4.1994,-11.2004
-34.6199,-57.2431,6.63778,11.191,18.4688,22.9037,7.84333,-3.46695,-10.9074
-33.1167,-59.4703,7.3748,10.6727,17.5103,22.7869,7.33061,-2.80774,-10.5412
-31.4577,-61.6351,8.12368,10.1072,16.5751,22.6935,6.74465,-2.14854,-10.175
-30.1495,-63.0978,8.78428,9.65958,15.9206,22.6935,6.37843,-1.78231,-9.73551
-28.6155,-64.6702,9.48234,9.14126,15.2192,22.6935,5.86571,-1.34284,-9.44253
-26.9889,-66.0898,10.1186,8.59939,14.588,22.6935,5.27975,-0.903369,-9.0763
-25.063,-67.4926,10.8156,7.96327,13.9568,22.7169,4.69379,-0.537143,-8.63683
-23.3398,-68.5077,11.4096,7.39783,13.4892,22.7636,4.10783,-0.317407,-8.27061
-21.103,-69.6417,12.1757,6.66747,12.9515,22.857,3.22888,-0.0244268,-7.75789
-19.0784,-70.5231,12.9319,6.00779,12.5073,22.9971,2.42319,0.195309,-7.31842
-16.8923,-71.3309,13.7096,5.30099,12.0865,23.1605,1.76398,0.415044,-6.8057
-14.5373,-72.0327,14.4434,4.54707,11.7125,23.3239,0.958284,0.561535,-6.21974
-12.539,-72.4679,15.0617,3.91095,11.4553,23.4873,0.445568,0.63478,-5.70703
-10.5268,-72.7426,15.6233,3.27483,11.2683,23.6508,-0.360129,0.78127,-5.3408
-8.2745,-72.8563,16.1399,2.56804,11.1514,23.8142,-1.09258,0.78127,-4.60835
-6.31459,-72.8624,16.5968,1.95548,11.0813,23.9776,-1.89828,0.78127,-4.02239
-3.96743,-72.694,17.1686,1.22512,11.0579,24.2111,-2.92371,0.92776,-3.43643
-1.60661,-72.4701,17.6992,0.494759,11.0579,24.4446,-3.80265,0.92776,-2.70397
0.536822,-72.2669,18.1502,-0.16492,11.0579,24.6547,-4.60835,0.92776,-2.11801
2.76712,-72.0087,18.5642,-0.848159,11.0813,24.8648,-5.12106,0.854515,-1.31232
5.23948,-71.6725,18.983,-1.60208,11.128,25.0983,-5.85352,0.854515,-0.579865
7.64168,-71.3273,19.2624,-2.33244,11.1982,25.2851,-6.73246,0.92776,0.152587
9.74225,-70.9275,19.5159,-2.96856,11.2917,25.4719,-7.46491,0.854515,0.885039
12.0026,-70.4199,19.7135,-3.65179,11.4319,25.6586,-8.34385,0.92776,1.471
14.1142,-69.9111,19.8942,-4.28791,11.5722,25.8454,-9.14955,0.92776,2.13021
16.3067,-69.2946,20.021,-4.94759,11.7592,26.0322,-10.0285,0.92776,2.86266
18.5064,-68.5467,20.1462,-5.60727,11.993,26.2423,-10.9807,0.92776,3.52186
20.8686,-67.6672,20.2512,-6.31407,12.2736,26.4758,-11.8596,0.92776,4.25432
22.8376,-66.8882,20.285,-6.90307,12.5307,26.6626,-12.6653,0.854515,4.98677
24.9705,-65.8472,20.3228,-7.53919,12.8814,26.8961,-13.5443,0.854515,5.64597
27.3491,-64.4132,20.3662,-8.24599,13.3723,27.1996,-14.5697,0.854515,6.52492
29.3372,-63.0561,20.3945,-8.83499,13.8399,27.4797,-15.3754,0.78127,7.18412
31.4162,-61.5421,20.4473,-9.44754,14.3542,27.8066,-16.2543,0.78127,7.84333
33.4925,-59.9219,20.4373,-10.0601,14.9153,28.1335,-16.9135,0.63478,8.57578
35.5969,-58.04,20.5351,-10.6727,15.5465,28.5537,-17.646,0.415044,9.38148
37.7098,-56.0777,20.6225,-11.2852,16.2011,28.9973,-18.5249,0.268554,10.1139
39.5879,-54.244,20.6997,-11.8271,16.8089,29.4176,-19.3306,0.0488184,10.8464
41.4736,-52.3295,20.7708,-12.369,17.4401,29.8612,-20.0631,-0.317407,11.5788
43.2887,-50.3337,20.8513,-12.8873,18.0947,30.3281,-20.8688,-0.610388,12.3113
45.3495,-47.9947,20.889,-13.4763,18.8662,30.8651,-21.6745,-1.04986,13.2635
47.2617,-45.7559,20.9506,-14.0182,19.5909,31.4021,-22.4069,-1.41608,13.9227
48.7701,-43.9865,21.0171,-14.4423,20.152,31.8457,-22.9196,-1.85556,14.6551
50.6255,-41.6841,21.1084,-14.9606,20.8767,32.4294,-23.6521,-2.29503,15.3876
52.222,-39.8797,21.1347,-15.4082,21.4378,32.8963,-24.2381,-2.58801,15.9735
54.3214,-37.4093,21.1262,-15.9972,22.2093,33.5267,-25.0438,-3.02748,16.7792
56.0255,-35.3267,21.1725,-16.4684,22.8405,34.087,-25.6297,-3.3937,17.5117
57.7413,-32.9475,21.2276,-16.9396,23.5652,34.7174,-26.4354,-3.75993,18.3174
59.3819,-30.6131,21.2857,-17.3873,24.2666,35.3478,-27.1679,-4.05291,19.1231
61.4518,-27.4438,21.312,-17.9527,25.2251,36.1883,-28.0468,-4.63887,20.1485
63.1782,-24.8542,21.3065,-18.4239,25.9966,36.8887,-28.706,-5.15159,21.0275
64.8295,-22.4381,21.3089,-18.8715,26.6979,37.5658,-29.3652,-5.6643,21.8332
66.9171,-19.2785,21.2809,-19.437,27.6097,38.4529,-30.3174,-6.17702,22.8586
68.5883,-16.6987,21.2822,-19.8846,28.3344,39.2001,-31.0499,-6.76298,23.6643
70.0474,-14.2984,21.1639,-20.2851,29.0357,39.8538,-31.7091,-7.2757,24.5432
72.1228,-10.7854,21.011,-20.8506,30.041,40.8344,-32.7345,-8.00815,25.7884
73.7689,-7.88994,20.8749,-21.2982,30.8592,41.6515,-33.5402,-8.59411,26.8138
75.4019,-4.98815,20.6862,-21.7458,31.6775,42.4687,-34.2726,-9.25332,27.766
76.9581,-2.04338,20.5134,-22.1699,32.4957,43.3092,-34.9318,-9.83928,28.8647
78.4114,0.657727,20.2955,-22.5704,33.2438,44.0796,-35.5911,-10.352,29.8901
79.9803,4.12782,19.9066,-23.0181,34.2491,45.0135,-36.3235,-11.0112,31.1353
81.2923,7.13796,19.5501,-23.395,35.1141,45.8307,-36.9827,-11.7437,32.3805
82.3667,10.1055,19.2749,-23.7013,35.9557,46.6478,-37.7884,-12.2564,33.4059
83.4817,13.5798,18.8788,-24.0312,36.9609,47.5817,-38.5209,-12.9156,34.4313
84.3664,16.8839,18.5851,-24.2903,37.8961,48.4923,-39.1801,-13.7213,35.53
85.0425,19.6879,18.2384,-24.5024,38.7143,49.2394,-39.766,-14.3072,36.4822
85.5194,22.9913,17.8625,-24.6673,39.6962,50.1032,-40.4985,-14.9664,37.5076
85.7748,25.8727,17.6115,-24.7615,40.5378,50.8737,-41.0112,-15.6256,38.3866
85.926,29.5848,17.3368,-24.8322,41.6132,51.8776,-41.8169,-16.3581,39.5585
85.8871,32.9978,17.0527,-24.8558,42.6185,52.7882,-42.5493,-17.1638,40.5107
85.7726,36.0312,16.8056,-24.8558,43.5068,53.6053,-42.9888,-17.9695,41.4629
85.5278,39.6788,16.4763,-24.8322,44.5822,54.5859,-43.5748,-18.9217,42.5615
85.2357,43.0361,16.2433,-24.7851,45.5407,55.5198,-44.1607,-19.7274,43.587
84.8812,45.9355,16.0728,-24.7144,46.359,56.337,-44.6002,-20.5331,44.4659
84.4166,49.1608,15.8607,-24.6202,47.2707,57.2475,-45.1129,-21.4853,45.4181
83.8799,52.4718,15.6876,-24.5024,48.1825,58.2047,-45.6256,-22.291,46.3703
83.3049,55.813,15.4263,-24.3846,49.1176,59.162,-46.1384,-23.1699,47.2492
82.5586,58.9351,15.1829,-24.2196,50.006,60.0492,-46.6511,-24.1953,48.2014
81.6418,62.2598,14.955,-24.0076,50.9411,61.0064,-47.237,-25.1475,49.2269
80.8017,65.3302,14.6865,-23.8191,51.8061,61.8936,-47.6765,-26.173,50.1058
79.8224,68.4072,14.4996,-23.5835,52.6477,62.8041,-48.116,-27.2716,51.058
78.8332,71.2657,14.2781,-23.3479,53.4426,63.6446,-48.6287,-28.2238,51.8637
77.1344,75.3457,14.041,-22.9238,54.5647,64.8587,-49.3611,-29.6155,52.9624
75.7406,78.3147,13.87,-22.5704,55.383,65.7459,-49.8006,-30.6409,53.8413
73.9908,81.675,13.6595,-22.1228,56.3181,66.7498,-50.3866,-31.9593,54.8667
72.5277,84.2538,13.4803,-21.7458,57.0428,67.5203,-50.8261,-32.8383,55.5992
70.9904,86.8743,13.3062,-21.3453,57.7675,68.3141,-51.1923,-34.0102,56.5514
69.2669,89.4132,13.0642,-20.8977,58.5156,69.0612,-51.6317,-35.1821,57.2106
67.2486,91.9919,12.9038,-20.3558,59.2637,69.8317,-52.0712,-36.354,57.943
65.4162,94.2454,12.7447,-19.861,59.9183,70.5087,-52.4374,-37.4527,58.4557
63.0813,96.8292,12.5413,-19.2249,60.6898,71.2792,-52.9502,-38.7711,58.9685
60.8663,98.9595,12.3814,-18.6124,61.3444,71.9096,-53.3896,-39.8698,59.4079
58.6988,100.822,12.3084,-17.9998,61.9055,72.4699,-53.6826,-41.115,59.8474
56.3765,102.573,12.2086,-17.3401,62.4666,72.9835,-53.9756,-42.2869,60.1404
53.8974,104.34,12.0618,-16.6333,63.051,73.4972,-54.1221,-43.5321,60.4334
51.2962,105.945,11.9727,-15.8794,63.5887,73.9641,-54.3418,-44.7772,60.6531
48.3415,107.466,11.9662,-15.0077,64.103,74.4077,-54.4883,-46.1689,60.8728
45.5869,108.6,12.0313,-14.1831,64.5005,74.7346,-54.5616,-47.3408,61.0193
42.5388,109.678,12.1045,-13.2643,64.8979,75.0381,-54.5616,-48.6592,61.0193
39.3491,110.517,12.1471,-12.2983,65.2719,75.2482,-54.3418,-49.9044,61.0926
35.95,110.991,12.1906,-11.2617,65.5992,75.3183,-53.8291,-51.2228,61.2391
32.6552,111.237,12.2611,-10.2486,65.8564,75.3183,-53.2431,-52.2482,61.1658
28.8412,111.503,12.3052,-9.07059,66.1369,75.3183,-52.2177,-53.5666,61.0926
25.3032,111.635,12.533,-7.96327,66.2772,75.3183,-51.2655,-54.8118,60.7263
21.8503,111.617,12.754,-6.87951,66.3707,75.2716,-50.0204,-56.057,59.8474
18.4877,111.534,13.0501,-5.81931,66.3941,75.2249,-48.7019,-57.1557,58.6022
15.4277,111.354,13.3442,-4.85335,66.3707,75.1548,-47.4568,-58.2543,57.2838
12.516,111.153,13.6259,-3.93451,66.324,75.0848,-45.9919,-59.2798,55.8922
9.23111,110.602,14.0086,-2.89788,66.1837,74.898,-44.1607,-60.3784,53.9878
5.935,109.893,14.2871,-1.86124,66.0434,74.6412,-42.1099,-61.4771,51.7172
2.934,108.908,14.5889,-0.918838,65.833,74.291,-39.8393,-62.2096,49.1536
0.0753072,107.766,14.7905,-0.02356,65.6226,73.8707,-37.3489,-62.942,46.5168
-2.7133,106.394,14.9283,0.848159,65.3888,73.3571,-34.7121,-63.4547,43.7335
-5.65862,104.694,15.0755,1.767,65.0849,72.7267,-31.6358,-63.9675,40.3642
-8.08249,102.973,15.2316,2.52092,64.7576,72.0964,-28.7793,-64.4069,37.1414
-9.75089,101.529,15.3017,3.03924,64.5005,71.5594,-26.5819,-64.5534,34.5778
-11.4963,99.6042,15.3447,3.58111,64.1732,70.8356,-23.9451,-64.4802,31.5015
-12.7843,97.8329,15.3206,3.98163,63.8926,70.1585,-21.7477,-64.4069,29.0844
-14.001,95.789,15.344,4.35859,63.542,69.3881,-19.4771,-64.1139,26.5208
-15.2892,92.4913,15.2961,4.75911,63.0043,68.1273,-16.4008,-63.3815,23.1516
-16.2932,87.2307,15.4654,5.06539,62.0224,66.1662,-12.6653,-61.4771,19.1231
-16.538,83.4871,15.646,5.13607,61.2743,64.7887,-10.9074,-60.1587,17.2187
-16.5547,79.2825,15.8323,5.13607,60.4093,63.2477,-9.73551,-58.6206,15.6806
-16.557,76.1366,15.858,5.13607,59.7781,62.0804,-9.00306,-57.3754,14.7284
-16.4922,72.7204,15.9872,5.11251,59.03,60.843,-8.27061,-56.057,13.8494
-16.4263,69.4088,16.1053,5.08895,58.2819,59.6523,-7.75789,-54.5921,13.117
-16.4446,65.9437,16.3097,5.08895,57.4402,58.4382,-7.24518,-53.1272,12.531
-16.3861,62.5771,16.5133,5.06539,56.5986,57.2708,-6.8057,-51.6623,11.9451
-16.3351,59.0486,16.8035,5.04183,55.6635,56.0801,-6.43948,-50.1974,11.4323
-16.3599,55.1436,17.0847,5.04183,54.6115,54.7727,-6.07325,-48.4395,10.9929
-16.4635,51.0252,17.3865,5.06539,53.4659,53.4185,-5.78027,-46.6084,10.5534
-16.6287,47.5172,17.5123,5.11251,52.5074,52.2512,-5.41405,-45.0702,10.1139
-16.9457,43.9035,17.6088,5.20675,51.5022,51.0605,-5.12106,-43.6053,9.67446
-17.3408,40.2246,17.7111,5.32455,50.4502,49.8698,-4.75484,-41.9939,9.30823
-17.8904,36.4773,17.8078,5.48947,49.3514,48.679,-4.38861,-40.4558,8.94201
-18.6638,32.5783,17.8128,5.72507,48.2059,47.4416,-3.94914,-38.7711,8.57578
-19.4279,29.063,17.7223,5.96067,47.1772,46.321,-3.43643,-37.526,8.20956
-20.4902,25.4751,17.5304,6.29051,46.1252,45.177,-2.99696,-35.9878,7.69684
-21.7047,21.8155,17.3227,6.66747,45.0264,44.0329,-2.70397,-34.4497,7.03763
-23.3703,18.044,17.0143,7.18579,43.8809,42.8656,-2.04477,-32.765,6.30518
-24.8927,14.6493,16.8074,7.65699,42.8055,41.8616,-1.6053,-31.3001,5.71922
-26.4738,11.7151,16.4678,8.15175,41.8937,40.9745,-1.23907,-29.9817,4.98677
-28.4375,8.50695,16.105,8.76431,40.8651,40.0406,-0.65311,-28.59,4.32756
-30.6913,5.37386,15.6238,9.4711,39.8598,39.13,0.0793419,-27.0519,3.59511
-33.0157,2.50225,15.1166,10.2015,38.9247,38.3129,0.811794,-25.88,2.9359
-35.465,-0.132796,14.4604,10.9789,38.0831,37.5424,1.61749,-24.6348,2.13021
-38.3051,-2.63621,13.8268,11.8742,37.2415,36.8653,2.56968,-23.3164,1.17802
-40.8552,-4.57866,13.3044,12.6753,36.5635,36.375,3.44862,-22.291,0.299077
-43.7533,-6.36032,12.5861,13.5941,35.9557,35.9081,4.47405,-21.1923,-0.65311
-46.8743,-7.96028,11.8146,14.5836,35.3946,35.5112,5.49948,-20.2401,-1.6053
-50.1194,-9.24544,10.913,15.6203,34.9504,35.1843,6.74465,-19.2879,-2.55748
-53.0747,-10.0762,10.1104,16.5627,34.6465,34.9976,7.77008,-18.4822,-3.50967
-56.3155,-10.5592,9.18648,17.5993,34.4595,34.9042,8.94201,-17.823,-4.46186
-59.5477,-10.6938,8.22602,18.6359,34.3893,34.9042,9.96744,-17.0906,-5.56054
-62.8872,-10.7387,7.09707,19.7197,34.366,34.9042,11.1394,-16.5778,-6.65921
-65.8006,-10.6005,6.13531,20.6621,34.3893,34.9742,12.1648,-16.2116,-7.68465
-69.5317,-10.1712,4.93311,21.8636,34.4828,35.161,13.4832,-15.7721,-8.92981
-72.6798,-9.66476,3.90243,22.8767,34.5997,35.3711,14.8016,-15.4059,-10.0285
-76.3497,-8.74367,2.69446,24.0547,34.8335,35.7213,16.413,-15.1129,-11.0539
-79.6981,-7.65426,1.49012,25.1385,35.1374,36.0949,17.7314,-14.82,-12.0794
-83.1439,-6.34446,0.280369,26.2458,35.4881,36.5618,19.1231,-14.6002,-13.1048
-86.1261,-4.94225,-0.851191,27.2118,35.8855,37.0288,20.5147,-14.4537,-14.057
-89.241,-3.30591,-2.08934,28.2248,36.3531,37.5658,21.9796,-14.3072,-15.0092
-92.2527,-1.36706,-3.22094,29.1908,36.8908,38.2195,23.1516,-14.234,-15.8149
-94.7434,0.466988,-4.19555,29.9918,37.4051,38.8265,24.3967,-14.1607,-16.767
-97.5941,2.72801,-5.35102,30.9107,38.0363,39.5736,25.8616,-14.1607,-17.7192
-100.196,4.96138,-6.49037,31.7588,38.6675,40.2974,27.2533,-14.3072,-18.7447
-102.21,6.93197,-7.40747,32.4185,39.2286,40.9278,28.4252,-14.4537,-19.6969
-104.553,9.37385,-8.55242,33.196,39.93,41.6982,29.6704,-14.6735,-20.7955
-106.398,11.509,-9.46608,33.8085,40.5378,42.3753,30.6958,-14.9664,-21.6012
-108.318,13.9976,-10.4199,34.4447,41.2391,43.1691,31.7945,-15.2594,-22.3337
-110.126,16.5321,-11.4078,35.0572,41.9639,43.9629,32.9664,-15.6989,-23.1394
-111.776,19.1126,-12.4891,35.6462,42.7354,44.7334,33.9186,-16.0651,-24.0183
-113.139,21.6155,-13.4299,36.141,43.4835,45.4805,34.8708,-16.5778,-24.824
-114.412,24.1969,-14.3622,36.6122,44.2549,46.2509,35.7497,-16.9441,-25.703
-115.886,27.1706,-15.4212,37.1541,45.1199,47.1615,36.7019,-17.4568,-26.8749
-117.16,30.0296,-16.3531,37.6253,45.9382,48.0487,37.5809,-18.0427,-27.8271
-118.279,32.8122,-17.2288,38.0493,46.733,48.9125,38.3133,-18.6287,-28.706
-119.367,35.904,-18.2683,38.497,47.6448,49.8464,39.1923,-19.2879,-29.6582
-120.337,39.078,-19.2019,38.8975,48.5565,50.827,40.1444,-19.9471,-30.6104
-121.322,42.6844,-20.2368,39.3216,49.5852,51.9477,41.0234,-20.5331,-31.6358
-122.18,46.021,-21.176,39.6985,50.5203,52.9983,41.8291,-21.2655,-32.588
-122.933,49.3572,-22.1141,40.0519,51.4554,54.0489,42.6348,-21.9247,-33.6867
-123.561,52.6473,-23.0733,40.3818,52.3906,55.0762,43.5137,-22.7304,-34.7121
-124.214,56.8001,-24.2367,40.7587,53.5595,56.3836,44.3927,-23.5361,-35.884
-124.682,60.2187,-25.1288,41.0415,54.4946,57.481,45.1251,-24.1953,-36.9095
-125.115,63.4957,-25.9374,41.3006,55.3596,58.5549,45.8576,-25.001,-37.7884
-125.435,66.8492,-26.7516,41.5362,56.248,59.6523,46.7365,-25.8067,-38.6674
-125.759,70.2186,-27.5568,41.7718,57.1129,60.7729,47.5422,-26.5392,-39.6928
-126.007,73.4339,-28.3254,41.9839,57.9312,61.8469,48.2747,-27.2716,-40.5717
-126.334,77.2374,-29.0034,42.1959,58.7962,63.1777,49.2269,-28.1506,-41.6704
-126.504,80.2177,-29.6201,42.3608,59.4975,64.205,49.9593,-28.9563,-42.5493
-126.748,84.152,-30.267,42.5493,60.3391,65.6058,51.1312,-30.0549,-43.7213
-126.917,87.334,-30.7659,42.6906,60.9937,66.7498,52.0102,-30.7142,-44.7467
-127.152,90.6212,-31.1917,42.832,61.6016,67.9639,52.9624,-31.4466,-45.8454
-127.353,93.8668,-31.5408,42.9498,62.1626,69.1779,54.2075,-32.2523,-47.0905
-127.638,97.3285,-31.7984,43.0676,62.677,70.5087,55.5259,-33.2045,-48.409
-127.845,100.242,-32.0272,43.1618,63.0978,71.6294,56.6246,-33.8637,-49.7274
-128.082,103.477,-32.2238,43.2561,63.5186,72.8902,57.943,-34.7426,-51.119
-128.352,105.953,-32.3854,43.3503,63.7991,73.8707,59.0417,-35.4751,-52.4374
-128.583,108.466,-32.4772,43.421,64.0563,74.8747,60.2136,-36.2075,-53.6826
-128.915,110.759,-32.5741,43.5152,64.2433,75.8086,61.4588,-36.94,-55.001
-129.244,113.065,-32.5638,43.5859,64.3836,76.7658,62.704,-37.6724,-56.4659
-129.593,114.937,-32.5329,43.6566,64.4537,77.5596,63.8026,-38.2584,-57.7111
-129.879,116.105,-32.4571,43.7037,64.4537,78.0733,64.6816,-38.6979,-58.8098
-130.161,116.903,-32.4976,43.7744,64.4537,78.4235,65.4873,-39.1373,-59.762
-130.326,117.412,-32.4377,43.798,64.4303,78.6569,66.1465,-39.5036,-60.8606
-130.452,117.519,-32.5296,43.8451,64.4303,78.7036,66.6592,-39.7966,-61.6663
-130.479,117.442,-32.5019,43.8451,64.4069,78.6803,66.9522,-39.943,-62.3255
-130.495,117.022,-32.4853,43.8451,64.3602,78.5169,67.2452,-40.0895,-62.8383
-130.577,116.029,-32.4,43.8451,64.2199,78.1433,67.5381,-40.236,-63.2045
-130.503,114.771,-32.2533,43.798,64.0797,77.653,67.7579,-40.3825,-63.4975
-130.366,113.043,-32.0598,43.7273,63.8926,76.9759,67.5381,-40.3825,-63.7172
-130.088,110.895,-31.9015,43.633,63.7056,76.1121,67.3917,-40.4558,-63.8637
-129.743,108.39,-31.702,43.5152,63.4718,75.1082,66.9522,-40.4558,-63.9369
-129.273,105.684,-31.5231,43.3739,63.238,74.0108,66.3662,-40.3825,-64.0102
-128.836,102.399,-31.3094,43.2325,62.8874,72.7034,65.3408,-40.0895,-64.0102
-128.308,99.1816,-31.0817,43.0676,62.5367,71.4193,64.3886,-39.7966,-63.5707
-127.723,96.0068,-30.8028,42.8791,62.1626,70.1585,63.4364,-39.4303,-62.765
-127.017,92.0864,-30.4306,42.6435,61.6483,68.6176,62.3377,-38.9176,-61.6663
-126.387,88.6927,-29.9765,42.4079,61.134,67.3102,61.3123,-38.4781,-60.6409
-125.619,84.1294,-29.3327,42.1017,60.3625,65.5825,59.7742,-37.8189,-59.176
-124.844,79.5889,-28.6966,41.7954,59.5443,63.8781,58.4557,-37.0865,-57.7843
-124.136,75.6908,-28.102,41.5127,58.7962,62.4306,56.9908,-36.354,-56.4659
-123.207,71.2886,-27.4099,41.1593,57.9312,60.7963,55.5992,-35.6216,-54.8545
-122.263,67.4989,-26.7362,40.8059,57.1597,59.3954,54.2075,-34.8159,-53.3896
-121.314,63.4865,-25.9525,40.4289,56.2713,57.9479,52.8891,-33.9369,-51.8515
-120.261,59.3402,-25.172,40.0284,55.3362,56.4537,51.5707,-33.058,-50.3133
-119.106,54.9228,-24.277,39.5807,54.2842,54.8894,50.3255,-32.1058,-48.7019
-118.082,51.1688,-23.4648,39.1802,53.3491,53.582,49.0804,-31.1536,-47.3103
-116.924,47.3846,-22.6978,38.7561,52.4139,52.2512,47.9084,-30.1282,-45.9919
-115.533,43.0497,-21.733,38.2378,51.2918,50.757,46.7365,-29.1028,-44.3805
-114.225,39.2427,-20.7897,37.7431,50.2631,49.4729,45.5646,-28.2238,-43.1353
-112.786,35.4511,-19.766,37.2012,49.2111,48.2121,44.4659,-27.1251,-41.8169
-111.038,31.0968,-18.6468,36.5651,47.9955,46.7646,43.2207,-25.9532,-40.2055
-109.438,27.7446,-17.7199,35.9996,47.0603,45.6439,42.1953,-25.1475,-38.9603
-107.502,23.947,-16.7441,35.3399,46.0083,44.3598,41.0234,-24.0488,-37.4954
-105.498,20.5418,-15.7446,34.6567,45.0498,43.2158,39.998,-23.0234,-36.177
-103.369,17.2634,-14.8101,33.9499,44.138,42.0951,38.826,-21.998,-34.8586
-101.116,13.9954,-13.8052,33.196,43.2029,40.9978,37.8006,-21.0458,-33.5402
-98.4784,10.63,-12.7185,32.3243,42.2444,39.8538,36.6287,-20.0204,-32.002
-96.1621,7.79118,-11.715,31.5468,41.4028,38.9199,35.6032,-19.1414,-30.6836
-93.576,4.89398,-10.7414,30.6986,40.5612,37.9393,34.5046,-18.1892,-29.4385
-90.7509,2.12524,-9.76034,29.7798,39.7663,36.9821,33.4059,-17.3835,-28.1933
-87.9214,-0.258836,-8.82386,28.861,39.0884,36.1416,32.234,-16.5046,-27.0946
-84.8016,-2.70555,-7.8346,27.8479,38.387,35.2777,31.062,-15.6256,-25.7762
-81.8333,-4.81401,-6.92144,26.8819,37.7792,34.5306,29.9634,-14.8932,-24.6043
-78.7392,-6.80917,-5.96838,25.8688,37.1947,33.8302,28.8647,-14.1607,-23.3591
-75.3862,-8.88355,-4.91114,24.7615,36.5635,33.1298,27.5463,-13.355,-22.1872
-71.9374,-10.8336,-3.93149,23.6306,35.9791,32.4527,26.2279,-12.6226,-20.942
-67.8156,-13.0553,-2.70348,22.2642,35.2777,31.7289,24.8362,-11.8169,-19.4039
-64.2204,-14.8169,-1.79926,21.0862,34.74,31.1219,23.4446,-11.0112,-18.1587
-60.6224,-16.237,-0.957032,19.9082,34.3192,30.6083,22.1261,-10.352,-16.8403
-56.3863,-17.5345,-0.00611563,18.5181,33.9452,30.118,20.6612,-9.76603,-15.5951
-52.3141,-18.6283,0.908854,17.1752,33.6179,29.7211,19.1963,-9.25332,-14.2035
-48.3967,-19.2864,1.77991,15.8794,33.4308,29.4642,17.8047,-8.66736,-12.9583
-44.8427,-19.7002,2.56308,14.7014,33.3139,29.3008,16.5595,-8.30113,-11.7131
-41.0108,-19.8254,3.40732,13.4292,33.2906,29.2308,15.1678,-7.86166,-10.3947
-37.1062,-19.8519,4.24445,12.1334,33.2906,29.2074,13.7029,-7.64192,-9.0763
-33.1881,-19.8064,5.0101,10.8376,33.3139,29.2074,12.238,-7.34894,-7.83114
-29.0474,-19.7344,5.76953,9.4711,33.3373,29.2308,10.6266,-7.12921,-6.43948
-25.5367,-19.473,6.34163,8.31667,33.4308,29.3008,9.23499,-6.90947,-5.26756
-21.8028,-19.0676,6.90386,7.09155,33.5711,29.4176,7.77008,-6.83623,-3.8759
-18.1322,-18.518,7.41182,5.88999,33.7581,29.581,6.23194,-6.68974,-2.55748
-14.3152,-17.77,7.98038,4.64131,33.9919,29.8378,4.62054,-6.54325,-1.31232
-11.135,-17.0932,8.4064,3.60467,34.2023,30.0713,3.37537,-6.47,-0.213639
-7.72633,-16.1537,8.7996,2.49736,34.5062,30.3748,1.91047,-6.47,1.03153
-4.96276,-15.2854,9.08918,1.60208,34.7868,30.655,0.665303,-6.47,1.98372
-1.82745,-14.0539,9.41184,0.588999,35.1842,31.0519,-0.94609,-6.47,3.08239
1.39156,-12.5743,9.7602,-0.447639,35.6518,31.5422,-2.48424,-6.54325,4.32756
4.10772,-11.1203,10.0043,-1.31936,36.1193,32.0091,-3.72941,-6.61649,5.35299
6.83422,-9.22682,10.275,-2.19108,36.7272,32.6161,-4.90133,-6.90947,6.45167
9.41959,-7.09716,10.4505,-3.01567,37.4285,33.2699,-6.1465,-7.2757,7.55035
11.9414,-4.71534,10.6473,-3.81671,38.2,34.017,-7.53816,-7.71517,8.64903
14.404,-2.0477,10.9027,-4.59419,39.0416,34.8808,-8.92981,-8.30113,9.82095
16.5778,0.700185,11.1213,-5.27743,39.9066,35.768,-10.1017,-8.81385,10.7731
18.9896,4.29746,11.3781,-6.03135,41.0287,36.9354,-11.4934,-9.76603,12.0183
20.9622,7.79117,11.6133,-6.64391,42.1041,38.0794,-12.7386,-10.4252,13.0437
22.5712,11.0677,11.8705,-7.13867,43.086,39.1767,-13.764,-11.3042,13.9959
24.1059,14.6523,12.0784,-7.60987,44.1614,40.3674,-14.7894,-12.2564,15.0214
25.4341,18.0203,12.3853,-8.01039,45.1199,41.5348,-15.6684,-13.1353,15.9003
26.6213,21.477,12.7209,-8.36379,46.0784,42.7488,-16.4008,-14.234,16.9257
27.8207,25.4382,13.0948,-8.71719,47.1538,44.1497,-17.353,-15.4059,18.0244
28.9303,29.5335,13.3437,-9.04703,48.276,45.5739,-18.232,-16.6511,19.0498
30.0468,33.7675,13.6039,-9.37686,49.3981,47.0681,-19.1841,-18.0427,20.0753
31.1007,38.1121,13.9193,-9.68314,50.4969,48.6324,-20.1363,-19.4344,21.1007
32.044,42.1668,14.0158,-9.96586,51.5489,50.0565,-20.942,-20.8993,22.2726
33.1805,47.0861,14.3084,-10.2957,52.7178,51.8543,-21.8942,-22.5107,23.5178
34.2275,51.8148,14.5079,-10.602,53.8166,53.582,-22.9196,-24.0488,24.6897
35.2873,56.4507,14.7521,-10.9083,54.8219,55.3097,-23.9451,-25.7335,26.0814
36.4166,61.1371,14.9273,-11.2381,55.8038,57.0607,-25.0438,-27.4181,27.5463
37.7115,66.9055,15.1214,-11.6151,56.9493,59.232,-26.5819,-29.469,29.3774
38.6609,71.0859,15.1443,-11.8978,57.7675,60.7963,-27.8271,-31.0071,30.9156
39.683,75.6858,15.1283,-12.2041,58.6325,62.524,-29.292,-32.6918,32.4537
40.725,80.1283,15.1918,-12.5103,59.3806,64.2283,-30.8301,-34.3032,34.2116
41.6672,84.6026,15.1517,-12.7931,60.1287,65.9327,-32.2218,-35.9878,36.0427
42.6968,88.9489,15.1381,-13.0993,60.7833,67.6137,-33.7599,-37.5992,38.0203
43.6941,93.0945,14.9789,-13.4056,61.4145,69.2013,-35.3713,-39.1373,40.0712
44.5457,97.1344,14.8731,-13.6648,61.9756,70.7656,-37.2024,-40.6023,42.2686
45.4603,101.351,14.6956,-13.9475,62.5367,72.3999,-39.1801,-42.1404,44.4659
46.2813,105.331,14.4626,-14.2067,63.051,73.9408,-41.2309,-43.4588,46.883
47.1205,108.944,14.3011,-14.4658,63.4484,75.365,-42.9888,-44.7772,49.1536
47.8035,112.365,14.1535,-14.6779,63.7991,76.7191,-45.0397,-45.7294,51.4242
48.4717,115.379,13.9493,-14.8899,64.103,77.9098,-46.9441,-46.6816,53.4751
49.2997,118.645,13.743,-15.1491,64.3836,79.2173,-49.2147,-47.707,56.0386
49.8838,121.285,13.5261,-15.3375,64.6174,80.2679,-51.0458,-48.4395,58.1628
50.4658,123.854,13.3034,-15.526,64.8278,81.2952,-53.0234,-49.2452,60.5066
51.052,126.113,13.0971,-15.7145,64.9914,82.2057,-54.7813,-49.8311,62.6307
51.5428,128.052,12.8396,-15.8794,65.1551,82.9762,-56.5392,-50.2706,64.6816
52.0291,130.101,12.5686,-16.0443,65.3187,83.7933,-58.5168,-50.7833,66.8789
52.4208,131.719,12.2518,-16.1857,65.4823,84.4237,-60.0549,-51.2228,68.7101
52.7437,133.206,11.9785,-16.3035,65.6226,85.0074,-61.5931,-51.589,70.4679
52.9561,134.577,11.6055,-16.3977,65.8096,85.521,-63.058,-51.8088,72.0793
53.037,135.523,11.3348,-16.4449,65.9499,85.8712,-64.3764,-52.1017,73.5442
52.9633,136.198,11.0852,-16.4449,66.0902,86.1047,-65.5483,-52.3215,74.8627
52.897,136.524,10.8605,-16.4449,66.2071,86.1981,-66.354,-52.468,75.7416
52.8275,136.688,10.6251,-16.4449,66.324,86.2215,-67.1597,-52.6145,76.6205
52.7701,136.721,10.4304,-16.4449,66.4175,86.1981,-67.5992,-52.6877,77.2065
52.7387,136.602,10.3243,-16.4449,66.4642,86.1281,-68.1119,-52.6877,77.5727
52.7291,136.114,10.2918,-16.4449,66.4642,85.9179,-68.4049,-52.8342,77.939
52.7132,135.356,10.2378,-16.4449,66.4642,85.5911,-68.6246,-52.9074,78.1587
52.7037,134.305,10.2057,-16.4449,66.4409,85.1475,-68.7711,-52.9074,78.3052
52.6975,132.908,10.1845,-16.4449,66.3941,84.5638,-68.6246,-52.9807,78.5249
52.6916,131.167,10.1647,-16.4449,66.324,83.84,-68.1852,-52.9807,78.5982
52.6545,129.126,10.0389,-16.4449,66.2772,82.9762,-67.4527,-52.9807,78.5982
52.6178,126.56,9.91451,-16.4449,66.1837,81.9022,-66.5005,-52.8342,78.4517
52.5732,124.453,9.76356,-16.4449,66.1136,81.015,-65.5483,-52.6145,78.0122
52.513,121.61,9.55968,-16.4449,65.9967,79.8243,-64.1567,-52.3215,77.06
52.3928,119.02,9.4215,-16.4213,65.8564,78.7503,-63.058,-51.8088,75.9613
52.3582,116.107,9.30414,-16.4213,65.646,77.5596,-61.4466,-51.296,74.4232
52.2521,113.235,9.21337,-16.3977,65.4122,76.3923,-59.9817,-50.7833,72.9583
52.1233,110.206,9.31497,-16.3506,65.0615,75.2015,-58.4435,-50.1241,71.2004
51.9751,106.956,9.35061,-16.3035,64.6875,73.9174,-56.9054,-49.4649,69.2228
51.7715,103.776,9.46853,-16.2328,64.2667,72.68,-55.294,-48.9522,67.5381
51.5472,100.913,9.51516,-16.1621,63.8926,71.5594,-53.8291,-48.293,65.8535
51.2555,97.3014,9.60308,-16.0679,63.3783,70.1585,-52.2177,-47.4873,64.1689
51.0153,94.0102,9.59411,-15.9972,62.9107,68.8744,-50.7528,-46.7548,62.6307
50.5728,90.0566,9.70765,-15.8559,62.2795,67.3569,-49.2147,-45.8027,60.7263
50.1889,86.349,9.74849,-15.7381,61.6717,65.9327,-47.7498,-44.704,58.8952
49.815,82.5336,9.8242,-15.6203,60.9937,64.4851,-46.0651,-43.7518,57.2106
49.3772,78.857,9.95339,-15.4789,60.2924,63.1077,-44.7467,-42.7996,55.5992
48.8522,74.6774,10.0527,-15.314,59.4741,61.5434,-43.355,-41.6277,53.768
48.2708,70.4837,10.2335,-15.1255,58.5858,60.0025,-41.9634,-40.4558,52.0102
47.5898,65.7952,10.3368,-14.9135,57.5805,58.2748,-40.4985,-39.2106,50.1058
47.0928,61.6031,10.2412,-14.7721,56.6921,56.7105,-39.3266,-37.9654,48.4212
46.6349,57.1351,10.2911,-14.6307,55.6401,55.0995,-38.0814,-36.7203,46.6633
46.3253,52.9403,10.307,-14.5365,54.6115,53.6053,-36.9827,-35.4751,44.9786
45.8444,48.7643,10.2653,-14.3951,53.5828,52.1111,-35.884,-34.1567,43.5137
45.3785,44.2847,10.2788,-14.2538,52.4139,50.5468,-34.7854,-32.6918,42.0488
44.8857,39.8242,10.1838,-14.1124,51.245,48.9826,-33.7599,-31.2269,40.6572
44.4785,35.3959,10.1151,-13.9946,50.0294,47.465,-32.8077,-29.6155,39.1923
44.0558,30.949,9.98081,-13.8768,48.7903,45.9474,-31.8556,-28.0773,37.8738
43.556,25.9231,9.84444,-13.7355,47.3409,44.2664,-30.7569,-26.4659,36.3357
43.1181,21.5877,9.63877,-13.6177,46.0784,42.8189,-29.9512,-25.001,35.1638
42.6668,17.304,9.37179,-13.4999,44.816,41.3947,-29.1455,-23.4629,34.0651
42.0476,13.0364,9.04067,-13.3349,43.5536,39.9705,-28.4863,-21.9247,32.8932
41.455,8.88271,8.8113,-13.17,42.2678,38.6397,-27.8271,-20.3866,31.7945
40.7667,4.59203,8.48985,-12.9815,40.9352,37.2622,-27.0214,-18.9949,30.8423
39.9998,0.494873,8.14466,-12.7695,39.6494,35.9548,-26.4354,-17.4568,29.8169
39.3655,-3.44181,7.69494,-12.6046,38.4104,34.694,-25.9227,-15.9919,28.7914
38.8154,-7.08421,7.26835,-12.4632,37.2415,33.55,-25.41,-14.527,27.766
38.324,-10.7159,6.75251,-12.3454,36.0726,32.406,-24.9705,-12.8423,26.7406
37.9131,-13.445,6.24975,-12.2512,35.2076,31.5188,-24.6775,-11.4507,25.7884
37.6489,-15.5663,5.72348,-12.2041,34.553,30.795,-24.3845,-10.2787,24.9827
37.3973,-17.5072,5.25073,-12.1569,33.9452,30.1413,-24.1648,-9.25332,24.2502
37.2926,-19.1071,4.76487,-12.1569,33.4542,29.581,-23.8718,-8.30113,23.4446
37.1364,-20.2691,4.3847,-12.1334,33.1035,29.1607,-23.7253,-7.42219,22.7121
